"mean","sd","2.5%","25%","50%","75%","97.5%","Rhat","n.eff","overlap0","f","parameter"
0.980953225899854,0.0180709968764432,0.937582636744876,0.975585741444962,0.982705416233811,0.987066045836276,1.017789571192,1.00083452837039,19119,0,1,"lambda.t[1]"
0.906522485635766,0.0199732961433733,0.864108863533082,0.900243580550229,0.905300548332586,0.912064629791878,0.954742809186918,1.00042815105267,40000,0,1,"lambda.t[2]"
0.903953706147111,0.0238071790937211,0.865929033625705,0.893685051958433,0.896958363546159,0.910555852043929,0.968285587442323,1.00118729353675,4514,0,1,"lambda.t[3]"
0.999165807891869,0.0251166554500811,0.933802918710286,0.989644283071554,1.00787602760582,1.01179626948301,1.03696364028542,1.00104177438381,3825,0,1,"lambda.t[4]"
0.911980786392454,0.0237239041903258,0.869772655161864,0.902691647020914,0.906383158250011,0.919264485781484,0.973101487308519,1.00133598086822,4938,0,1,"lambda.t[5]"
0.962264906983123,0.022643493832874,0.908441262261198,0.95467686300237,0.964536369974436,0.969997670626601,1.00883346285293,1.00113739890653,8186,0,1,"lambda.t[6]"
0.944288379345729,0.0232991324847107,0.898258083254019,0.9357859853033,0.940646094503375,0.952162756618617,1.00094963328649,1.00110352075509,31954,0,1,"lambda.t[7]"
0.969777507315149,0.0241256204401795,0.911827225471429,0.961532520717616,0.973388709429319,0.978316596707591,1.01768000204951,1.00132173818385,10415,0,1,"lambda.t[8]"
0.950638312609686,0.0245212307577089,0.899788794018862,0.942368214089026,0.948041692987998,0.95953973775756,1.00857280035595,1.00117457954614,16813,0,1,"lambda.t[9]"
0.968246944337801,0.0255168101820611,0.908113334202774,0.959296599682933,0.971347431677896,0.977282875641884,1.01938791721511,1.00121220975336,9258,0,1,"lambda.t[10]"
0.922630477004631,0.0286368951239792,0.868588530066815,0.911770566603513,0.916096334214371,0.932963275207205,0.99266991145253,1.00084667543273,9597,0,1,"lambda.t[11]"
0.98818830222302,0.0473513570239426,0.859730006302116,0.972337725378894,1.0075202108317,1.01561621587857,1.03928434142907,1.00247967787837,2108,0,1,"lambda.t[12]"
0.360071315443874,0.0723603066527406,0.22820971796737,0.309715802263913,0.356340702199488,0.406430017719993,0.511804784276385,1.01249457976175,233,0,1,"ann.phi.juv.telemetry"
0.743019413079862,0.0882447612645895,0.557557863525291,0.684900064185511,0.748218283863154,0.806896741471896,0.898657078055832,1.00543986356853,491,0,1,"ann.phi.sec.telemetry"
0.61557542339644,0.11500582937787,0.38635286624369,0.536450373322232,0.618373634077864,0.696892628115516,0.830593835165564,1.00465122194463,578,0,1,"ann.phi.third.telemetry"
0.742548701251128,0.152616480154266,0.423837238445863,0.627324404845751,0.786679194176071,0.876185544285804,0.921340946879157,1.000014951978,40000,0,1,"ann.surv.terrvis[1]"
0.902271515536896,0.0193129847670326,0.853367621342188,0.892581893426451,0.906842988883038,0.916654818493798,0.925852592146661,1.00009579398036,40000,0,1,"ann.surv.terrvis[2]"
0.84917404388423,0.0361114082721709,0.770890905653244,0.826005261090261,0.852067620389089,0.875585286506624,0.910695316819229,1.00035468644883,7039,0,1,"ann.surv.terrvis[3]"
0.857979700159139,0.0371788649123883,0.775908132173648,0.834568045855168,0.861960291913086,0.886086812611872,0.917357108891616,1.00073240935114,3999,0,1,"ann.surv.terrvis[4]"
0.895002855704131,0.0241642995772398,0.834811235677937,0.882996113850678,0.900530599036823,0.912844664170603,0.924865116427795,1.0013203259777,1993,0,1,"ann.surv.terrvis[5]"
0.846670666003952,0.0421014460647739,0.752893223284447,0.820161188107189,0.851089783410305,0.878426147926169,0.913608528664961,1.00390757299335,666,0,1,"ann.surv.terrvis[6]"
0.885860051066774,0.0302776054365697,0.810179889285984,0.870401104353692,0.892871131143946,0.908503928773022,0.923902753797719,1.00333659415636,991,0,1,"ann.surv.terrvis[7]"
0.875984288720294,0.0334366069670277,0.794632354093778,0.85728515026366,0.88221326249224,0.901184279496069,0.921893169214774,1.00630263065983,496,0,1,"ann.surv.terrvis[8]"
0.881722259710208,0.0314736786977723,0.803771128697477,0.865245811318614,0.888160974890106,0.905209310942547,0.922735139358469,1.00338061206686,934,0,1,"ann.surv.terrvis[9]"
0.870641408757418,0.0347508578564151,0.78840071193028,0.850714262437472,0.87604518551272,0.896783740078084,0.920410320211767,1.00217507169292,1290,0,1,"ann.surv.terrvis[10]"
0.871539930861047,0.0332917647971854,0.793423514381635,0.852765667884611,0.876851157683018,0.896480298355442,0.919462005771422,1.0017754277037,1948,0,1,"ann.surv.terrvis[11]"
0.832593325644399,0.0448986539161966,0.734089387052055,0.804365592282702,0.836774731329048,0.865536042740512,0.906972705931722,1.00183260642371,1391,0,1,"ann.surv.terrvis[12]"
0.853930310788069,0.0510962443852923,0.727505180172816,0.829424258146452,0.864867318516576,0.890794519174322,0.918735405873581,1.00553831290935,614,0,1,"ann.surv.terrvis[13]"
0.530013460010065,0.142052783330755,0.314034145029055,0.419033665036763,0.502260851072871,0.623172328661802,0.847645379211782,1.0000939617121,20086,0,1,"ann.surv.terrvis[14]"
0.595286313195361,0.0123452688122472,0.570990872148976,0.586993920797998,0.595339209235371,0.603545094975539,0.619414858886634,1.00078873303061,3095,0,1,"mean.p.terrvis"
0.949826294437098,0.00388589203190744,0.93943165604157,0.949155429189324,0.951182302747205,0.951582149763667,0.953887020414339,1.00289532000427,2967,0,1,"mean.lambda"
0.913696582591048,0.11492229978354,0.866354200201939,0.915357881428947,0.930017249947372,0.941755766014448,0.963416358255714,1.00647801842941,2487,0,1,"fut.lambda[1,1]"
0.915476128686987,0.10647393566034,0.867353517116922,0.915478571082174,0.929663340758468,0.940610167642173,0.960206496614938,1.00332060860072,4649,0,1,"fut.lambda[2,1]"
0.927775733332358,0.0717367480115985,0.887181084215951,0.921362381661369,0.934223275572019,0.945994482416884,0.964777442319223,1.00827171574532,4177,0,1,"fut.lambda[3,1]"
0.934461640422202,0.0586767123724181,0.899270379823188,0.926606457563661,0.939269254408355,0.949991765714918,0.968319182452484,1.00157984319578,4119,0,1,"fut.lambda[4,1]"
0.938786234032607,0.0606206670105144,0.899018594340642,0.930264652584528,0.943450635235767,0.956634728928242,0.978849205831882,1.01110837277536,1989,0,1,"fut.lambda[1,2]"
0.938083173282409,0.0497517081122644,0.899386780563243,0.929616488938148,0.9412785221876,0.953006491878154,0.973659587572674,1.00678554417638,2638,0,1,"fut.lambda[2,2]"
0.944237997296505,0.038004663049623,0.907814406303763,0.934235220252041,0.94624373350863,0.957976835044653,0.977285350305959,1.01589018280225,1852,0,1,"fut.lambda[3,2]"
0.94910885997798,0.0309105901687177,0.909985531365676,0.939713162976392,0.950806372559936,0.961769993270184,0.980724285567949,1.01908431634286,1215,0,1,"fut.lambda[4,2]"
0.957308415661,0.0318496315078139,0.915320991248642,0.94570673774017,0.958904797007147,0.971992046246637,0.994829851978064,1.0194662186761,1142,0,1,"fut.lambda[1,3]"
0.953853812336826,0.0291025000241571,0.915334528648575,0.94333757145818,0.955176449204099,0.967148143065134,0.988142227182131,1.0217714946661,1705,0,1,"fut.lambda[2,3]"
0.958653855649469,0.02183784192355,0.921350565055899,0.948063978282057,0.959898259455216,0.971088789260698,0.991025369022482,1.01096091565252,701,0,1,"fut.lambda[3,3]"
0.962649332319452,0.020870322179589,0.926296733403614,0.952099817015556,0.963477903873266,0.974544707742012,0.994146668217446,1.01461695876641,630,0,1,"fut.lambda[4,3]"
0.974131630614449,0.0228633274019197,0.931595575491015,0.961743487330939,0.975080928573698,0.988245114560159,1.01084225079855,1.01154863722961,747,0,1,"fut.lambda[1,4]"
0.968993694859852,0.0209074441768406,0.930412512172343,0.957094494920201,0.96994604963884,0.981794583633491,1.00288588711522,1.00335713670326,757,0,1,"fut.lambda[2,4]"
0.972973050045459,0.0178846913013245,0.935451046073422,0.961743487330939,0.973723641425139,0.98508496324615,1.00619305274535,1.00433324333296,595,0,1,"fut.lambda[3,4]"
0.976432725680148,0.0173022891829059,0.940648149482279,0.965199477242332,0.977030944243235,0.988194680587187,1.00847545083602,1.00494166582724,533,0,1,"fut.lambda[4,4]"
0.990803342096832,0.0200768716515263,0.948892115544927,0.977819167669911,0.991589329529329,1.0044901890113,1.02829276695811,1.00478880318043,536,0,1,"fut.lambda[1,5]"
0.984506227291996,0.0186209345101136,0.946282177402608,0.97253439922276,0.985177153619442,0.997237364292674,1.01923347011427,1.00383032697392,673,0,1,"fut.lambda[2,5]"
0.987818920992854,0.0186628207485152,0.950999514571355,0.976105259410761,0.98844267849991,1.00015159585368,1.02166547963309,1.00724765257843,682,0,1,"fut.lambda[3,5]"
0.990843450313406,0.0175040173718862,0.955166342505916,0.979541003364171,0.991236368598807,1.00264415344239,1.02444066508975,1.00467441039747,559,0,1,"fut.lambda[4,5]"
1.00773026250138,0.0202511742205646,0.966409941027003,0.994408557948845,1.00829035878897,1.02161342377023,1.04587665041807,1.00436574502951,597,0,1,"fut.lambda[1,6]"
1.00027678075152,0.0188116646050634,0.961671115492188,0.988041980329277,1.00075305261485,1.01307023140707,1.03580905540692,1.00385763021426,659,0,1,"fut.lambda[2,6]"
1.00316529660225,0.0183555087620126,0.96613910734715,0.991130730128092,1.00360833995338,1.01556463752456,1.03791668790555,1.00400762256786,654,0,1,"fut.lambda[3,6]"
1.00586208260908,0.0179682695663955,0.969125265588703,0.9941640478494,1.00631077448741,1.01806965173662,1.04019947208419,1.00438354161498,587,0,1,"fut.lambda[4,6]"
1.02489317743355,0.0205162779240772,0.983444108014442,1.01129169860629,1.02542660855753,1.03895818993615,1.06367545207474,1.00454267641385,570,0,1,"fut.lambda[1,7]"
1.01653917864205,0.0191405490466649,0.978089365287422,1.00397655737237,1.01682801841922,1.02956709706034,1.05310951941866,1.00370694134445,702,0,1,"fut.lambda[2,7]"
1.01905503518834,0.0187660346142515,0.981429229423405,1.00653125121728,1.01933858381056,1.03190976833156,1.05511098724535,1.00392026175927,655,0,1,"fut.lambda[3,7]"
1.02134941938257,0.0184587729080617,0.984179008502788,1.00902543122806,1.02161206096516,1.03389537516012,1.05698815256894,1.00411820160693,625,0,1,"fut.lambda[4,7]"
0.99375710565951,0.0493316322782377,0.8992782855269,0.959884217822514,0.99273249220961,1.02685951353897,1.09235010068889,1.0001114298261,15593,0,1,"mu.fec[1]"
0.760378346859154,0.0210321760038707,0.718046761231714,0.74639240234154,0.760806438582589,0.774756272402499,0.800656924375532,1.00000130556322,40000,0,1,"mu.fec[2]"
117.936829220018,1.89697992166464,113.622204174975,117.459140085329,117.993444186983,118.462690779616,121.936126695473,1.00171714691853,9320,0,1,"Nterr[1]"
115.6701774,1.81923447924711,111.16,115.176,115.956,116.256,119.028,1.00040765743303,40000,0,1,"Nterr[2]"
104.8356761,1.85734101316365,100.38,104.332,104.96,105.348,108.764,1.00077271690255,10610,0,1,"Nterr[3]"
94.7390936,1.94656242984174,91.804,93.888,94.152,95.28,99.94,1.00086931001654,8279,0,1,"Nterr[4]"
94.626055,1.74467598388131,90.392,94.088,94.936,95.208,97.952,1.00130502187299,9067,0,1,"Nterr[5]"
86.2709719,1.74246189965439,82.936,85.716,86.036,86.74,90.6041,1.00095987490985,12131,0,1,"Nterr[6]"
82.9914126,1.6223600099427,79.556,82.516,82.984,83.476,86.692,1.00061112707344,40000,0,1,"Nterr[7]"
78.346271,1.64630170050669,75.256,77.764,78.036,78.812,82.468,1.00063581663273,40000,0,1,"Nterr[8]"
75.9548449,1.59753856509965,72.504,75.492,75.96,76.444,79.564,1.00165023208849,10170,0,1,"Nterr[9]"
72.1829405,1.58514110799892,69.0078,71.688,72.012,72.665,75.912,1.00100527519613,40000,0,1,"Nterr[10]"
69.8681505,1.60412905356778,66.184,69.44,69.936,70.38,73.2602,1.00174310762257,9266,0,1,"Nterr[11]"
64.4377325,1.72860855540871,61.16,63.84,64.06,64.984,68.588,1.00144321228299,24258,0,1,"Nterr[12]"
63.642573,2.79195999564579,56.024,63.112,64.688,65.012,66.492,1.00257796945015,2384,0,1,"Nterr[13]"
63.642573,2.79195999564579,56.024,63.112,64.688,65.012,66.492,1.00257796945015,2384,0,1,"Nterr.f[1,1,1]"
63.642573,2.79195999564579,56.024,63.112,64.688,65.012,66.492,1.00257796945015,2384,0,1,"Nterr.f[2,1,1]"
63.642573,2.79195999564579,56.024,63.112,64.688,65.012,66.492,1.00257796945015,2384,0,1,"Nterr.f[3,1,1]"
63.642573,2.79195999564579,56.024,63.112,64.688,65.012,66.492,1.00257796945015,2384,0,1,"Nterr.f[4,1,1]"
63.642573,2.79195999564579,56.024,63.112,64.688,65.012,66.492,1.00257796945015,2384,0,1,"Nterr.f[1,2,1]"
63.642573,2.79195999564579,56.024,63.112,64.688,65.012,66.492,1.00257796945015,2384,0,1,"Nterr.f[2,2,1]"
63.642573,2.79195999564579,56.024,63.112,64.688,65.012,66.492,1.00257796945015,2384,0,1,"Nterr.f[3,2,1]"
63.642573,2.79195999564579,56.024,63.112,64.688,65.012,66.492,1.00257796945015,2384,0,1,"Nterr.f[4,2,1]"
63.642573,2.79195999564579,56.024,63.112,64.688,65.012,66.492,1.00257796945015,2384,0,1,"Nterr.f[1,3,1]"
63.642573,2.79195999564579,56.024,63.112,64.688,65.012,66.492,1.00257796945015,2384,0,1,"Nterr.f[2,3,1]"
63.642573,2.79195999564579,56.024,63.112,64.688,65.012,66.492,1.00257796945015,2384,0,1,"Nterr.f[3,3,1]"
63.642573,2.79195999564579,56.024,63.112,64.688,65.012,66.492,1.00257796945015,2384,0,1,"Nterr.f[4,3,1]"
63.642573,2.79195999564579,56.024,63.112,64.688,65.012,66.492,1.00257796945015,2384,0,1,"Nterr.f[1,4,1]"
63.642573,2.79195999564579,56.024,63.112,64.688,65.012,66.492,1.00257796945015,2384,0,1,"Nterr.f[2,4,1]"
63.642573,2.79195999564579,56.024,63.112,64.688,65.012,66.492,1.00257796945015,2384,0,1,"Nterr.f[3,4,1]"
63.642573,2.79195999564579,56.024,63.112,64.688,65.012,66.492,1.00257796945015,2384,0,1,"Nterr.f[4,4,1]"
63.642573,2.79195999564579,56.024,63.112,64.688,65.012,66.492,1.00257796945015,2384,0,1,"Nterr.f[1,5,1]"
63.642573,2.79195999564579,56.024,63.112,64.688,65.012,66.492,1.00257796945015,2384,0,1,"Nterr.f[2,5,1]"
63.642573,2.79195999564579,56.024,63.112,64.688,65.012,66.492,1.00257796945015,2384,0,1,"Nterr.f[3,5,1]"
63.642573,2.79195999564579,56.024,63.112,64.688,65.012,66.492,1.00257796945015,2384,0,1,"Nterr.f[4,5,1]"
63.642573,2.79195999564579,56.024,63.112,64.688,65.012,66.492,1.00257796945015,2384,0,1,"Nterr.f[1,6,1]"
63.642573,2.79195999564579,56.024,63.112,64.688,65.012,66.492,1.00257796945015,2384,0,1,"Nterr.f[2,6,1]"
63.642573,2.79195999564579,56.024,63.112,64.688,65.012,66.492,1.00257796945015,2384,0,1,"Nterr.f[3,6,1]"
63.642573,2.79195999564579,56.024,63.112,64.688,65.012,66.492,1.00257796945015,2384,0,1,"Nterr.f[4,6,1]"
63.642573,2.79195999564579,56.024,63.112,64.688,65.012,66.492,1.00257796945015,2384,0,1,"Nterr.f[1,7,1]"
63.642573,2.79195999564579,56.024,63.112,64.688,65.012,66.492,1.00257796945015,2384,0,1,"Nterr.f[2,7,1]"
63.642573,2.79195999564579,56.024,63.112,64.688,65.012,66.492,1.00257796945015,2384,0,1,"Nterr.f[3,7,1]"
63.642573,2.79195999564579,56.024,63.112,64.688,65.012,66.492,1.00257796945015,2384,0,1,"Nterr.f[4,7,1]"
57.464675,4.61476267485541,48,55,58,61,65,1.00092664631552,3130,0,1,"Nterr.f[1,1,2]"
57.4778,4.61307263881453,47.975,55,58,61,65,1.00103739284411,3351,0,1,"Nterr.f[2,1,2]"
57.47415,4.61246828163525,48,55,58,61,65,1.0012387714997,2358,0,1,"Nterr.f[3,1,2]"
57.48195,4.64253303976672,48,55,58,61,66,1.00105012863615,3230,0,1,"Nterr.f[4,1,2]"
58.595175,4.59233262703704,49,56,59,62,66,1.00094849654123,3308,0,1,"Nterr.f[1,2,2]"
58.616,4.59520640429214,49,56,59,62,66,1.00091418396949,3971,0,1,"Nterr.f[2,2,2]"
58.637125,4.57965840059623,49,56,59,62,67,1.00101958698895,3060,0,1,"Nterr.f[3,2,2]"
58.591125,4.59643061665629,49,56,59,62,66.0250000000015,1.00088966709216,3816,0,1,"Nterr.f[4,2,2]"
59.7797,4.54635949355263,50,57,60,63,68,1.00067341872253,4892,0,1,"Nterr.f[1,3,2]"
59.753525,4.55136715152147,50,57,60,63,68,1.00112151259668,2717,0,1,"Nterr.f[2,3,2]"
59.77425,4.55343335093224,50,57,60,63,68,1.00079873713898,4530,0,1,"Nterr.f[3,3,2]"
59.763375,4.55110441795841,50,57,60,63,67,1.00118217215409,2808,0,1,"Nterr.f[4,3,2]"
60.889425,4.51470461196725,51,58,61,64,68,1.00120096259182,3230,0,1,"Nterr.f[1,4,2]"
60.927175,4.50618787475667,51,58,61,64,68,1.00087600039981,3589,0,1,"Nterr.f[2,4,2]"
60.90455,4.53213556767889,51,58,61,64,68,1.00086394875753,3918,0,1,"Nterr.f[3,4,2]"
60.904925,4.50248737412876,51,58,61,64,68,1.00115640649806,2982,0,1,"Nterr.f[4,4,2]"
62.05875,4.45126878343069,52,60,62,65,69,1.00123165341523,3010,0,1,"Nterr.f[1,5,2]"
62.0646,4.47393867226419,52,60,62,65,69,1.00116990484301,3228,0,1,"Nterr.f[2,5,2]"
62.061075,4.44756555492543,52,60,62,65,69,1.00167009188977,2304,0,1,"Nterr.f[3,5,2]"
62.074675,4.45735295262318,52,60,62,65,69,1.00127288570201,2460,0,1,"Nterr.f[4,5,2]"
63.221175,4.40566020766714,53,61,64,66,70,1.00128083502903,3036,0,1,"Nterr.f[1,6,2]"
63.1895,4.42891974789037,53,61,64,66,70,1.00135906111951,2800,0,1,"Nterr.f[2,6,2]"
63.22525,4.41170024083407,53,61,64,66,70,1.0015367119751,2232,0,1,"Nterr.f[3,6,2]"
63.2244,4.41776895695824,53,61,64,66,70,1.00158657095714,2242,0,1,"Nterr.f[4,6,2]"
64.3748,4.36083138647432,55,62,65,67,71,1.00123668272289,3100,0,1,"Nterr.f[1,7,2]"
64.360475,4.3669508276214,55,62,65,67,71,1.00158015526163,2282,0,1,"Nterr.f[2,7,2]"
64.379275,4.36697861649573,55,62,65,67,71,1.00125077915683,3110,0,1,"Nterr.f[3,7,2]"
64.37915,4.35470657613508,55,62,65,67,71,1.00172300486809,1958,0,1,"Nterr.f[4,7,2]"
51.844,5.67359839457893,40,48,52,56,63,1.00079189472182,3279,0,1,"Nterr.f[1,1,3]"
51.828725,5.64975555823628,40,48,52,56,62,1.00109789265054,2601,0,1,"Nterr.f[2,1,3]"
51.8435,5.67584030158339,40,48,52,56,63,1.00136132124516,1914,0,1,"Nterr.f[3,1,3]"
51.795175,5.68888221040787,40,48,52,56,62,1.00092503380411,2732,0,1,"Nterr.f[4,1,3]"
53.8979,5.71371085655319,42,50,54,58,65,1.00083710102469,2993,0,1,"Nterr.f[1,2,3]"
53.935375,5.72393812825291,42,50,54,58,65,1.00109704949844,2428,0,1,"Nterr.f[2,2,3]"
53.951275,5.73846443952806,42,50,54,58,65,1.00086986084235,3007,0,1,"Nterr.f[3,2,3]"
53.9432,5.7210219377573,42,50,54,58,65,1.00089184260611,3080,0,1,"Nterr.f[4,2,3]"
56.0937,5.75218632358059,44,52,56,60,67,1.00090805724252,2991,0,1,"Nterr.f[1,3,3]"
56.0561,5.75165452963282,44,52,56,60,67,1.00122608261305,2091,0,1,"Nterr.f[2,3,3]"
56.09255,5.75243094343982,44,52,56,60,67,1.00109664602022,2549,0,1,"Nterr.f[3,3,3]"
56.07395,5.7497311139476,44,52,56,60,67,1.00106552769509,2730,0,1,"Nterr.f[4,3,3]"
58.2302,5.78579682032831,46,55,58,62,69,1.00096578618184,3005,0,1,"Nterr.f[1,4,3]"
58.24895,5.80496480074672,46,55,58,62,69,1.00066153974895,4093,0,1,"Nterr.f[2,4,3]"
58.27325,5.79049848323243,46,55,59,62,69,1.00093533070273,2994,0,1,"Nterr.f[3,4,3]"
58.23805,5.77695131766429,46,55,58,62,69,1.00115724492245,2370,0,1,"Nterr.f[4,4,3]"
60.4529,5.80111824688334,48,57,61,64,71,1.00146065226385,1981,0,1,"Nterr.f[1,5,3]"
60.4433,5.81258374247151,48,57,61,64,71,1.00110122667453,2542,0,1,"Nterr.f[2,5,3]"
60.484675,5.77555616980752,49,57,61,64,71,1.00127333848689,2385,0,1,"Nterr.f[3,5,3]"
60.47335,5.80002851594452,49,57,61,64,71,1.00139579212857,1908,0,1,"Nterr.f[4,5,3]"
62.721625,5.79635853822748,51,59,63,67,73,1.00100211254748,3267,0,1,"Nterr.f[1,6,3]"
62.69645,5.83168137077038,51,59,63,67,73,1.00139089774286,2033,0,1,"Nterr.f[2,6,3]"
62.740925,5.80407592359095,51,59,63,67,73,1.00130913004538,2143,0,1,"Nterr.f[3,6,3]"
62.748375,5.8232471710005,51,59,63,67,73,1.00161894954662,1764,0,1,"Nterr.f[4,6,3]"
65.045375,5.82860750317009,53,61,65,69,76,1.00109456033398,2555,0,1,"Nterr.f[1,7,3]"
65.042975,5.84349482845414,53,61,65,69,76,1.0013884588717,2086,0,1,"Nterr.f[2,7,3]"
65.05385,5.84542593851039,53,62,65,69,76,1.0011547862379,2615,0,1,"Nterr.f[3,7,3]"
65.06275,5.81619361268205,53,62,65,69,75,1.00166184565699,1696,0,1,"Nterr.f[4,7,3]"
46.805425,6.30219870458619,34,43,47,51,59,1.00101299969103,2558,0,1,"Nterr.f[1,1,4]"
46.807825,6.30868756223067,34,43,47,51,59,1.00118152157423,2300,0,1,"Nterr.f[2,1,4]"
46.832525,6.32550214795716,34,43,47,51,59,1.00137951463214,1802,0,1,"Nterr.f[3,1,4]"
46.762675,6.35816109419127,34,43,47,51,59,1.0012035232133,2062,0,1,"Nterr.f[4,1,4]"
49.690075,6.46880728040848,37,45,50,54,62,1.00123831477888,1987,0,1,"Nterr.f[1,2,4]"
49.697075,6.48297864948507,37,45,50,54,62,1.00150104377522,1689,0,1,"Nterr.f[2,2,4]"
49.712575,6.5048074285383,37,45,50,54,62,1.00108032876096,2389,0,1,"Nterr.f[3,2,4]"
49.70425,6.46486479359159,37,45,50,54,62,1.00146762242495,1756,0,1,"Nterr.f[4,2,4]"
52.6938,6.61258910853895,40,48,53,57,66,1.00134037310885,2062,0,1,"Nterr.f[1,3,4]"
52.70575,6.64255749141478,39,48,53,57,66,1.00127275158922,1961,0,1,"Nterr.f[2,3,4]"
52.70035,6.65195956780048,40,48,53,57,66,1.00138067117088,1911,0,1,"Nterr.f[3,3,4]"
52.677375,6.64231067601124,40,48,53,57,66,1.00116513890854,2300,0,1,"Nterr.f[4,3,4]"
55.7822,6.76632897073395,42,51,56,60,69,1.00118416777314,2260,0,1,"Nterr.f[1,4,4]"
55.793475,6.77948165117817,42,51,56,60,69,1.00117982159023,2256,0,1,"Nterr.f[2,4,4]"
55.793175,6.76575145894343,42,51,56,60,69,1.00102578315298,2596,0,1,"Nterr.f[3,4,4]"
55.76495,6.79204717262181,42,51,56,60,69,1.00146380828378,1845,0,1,"Nterr.f[4,4,4]"
58.993425,6.92483433755928,45,54,59,64,72,1.00171937873312,1575,0,1,"Nterr.f[1,5,4]"
58.989575,6.91747516120876,45,54,59,64,72,1.00146098700645,1870,0,1,"Nterr.f[2,5,4]"
59.011525,6.8997632091749,45,54,59,64,72,1.00163863456478,1700,0,1,"Nterr.f[3,5,4]"
59.00805,6.90637586931027,45,55,59,64,72,1.00157504473899,1621,0,1,"Nterr.f[4,5,4]"
62.322275,7.03004618499118,48,58,62,67,76,1.0014548619764,2018,0,1,"Nterr.f[1,6,4]"
62.289825,7.08642236279511,48,58,62,67,76,1.00177620910966,1504,0,1,"Nterr.f[2,6,4]"
62.327525,7.06527779553877,48,58,62,67,76,1.00173851009651,1571,0,1,"Nterr.f[3,6,4]"
62.36635,7.07613167404951,48,58,62,67,76,1.00204386464039,1351,0,1,"Nterr.f[4,6,4]"
65.81155,7.18303741450387,51,61,66,71,79,1.00144109000005,1904,0,1,"Nterr.f[1,7,4]"
65.79845,7.20784478350919,51,61,66,71,79,1.00177508383947,1534,0,1,"Nterr.f[2,7,4]"
65.81925,7.21490684690525,51,61,66,71,80,1.00165417216714,1679,0,1,"Nterr.f[3,7,4]"
65.821,7.18378028390897,51,61,66,71,79,1.00192444923702,1432,0,1,"Nterr.f[4,7,4]"
42.49045,6.73621133954987,30,38,42,47,56,1.00132278181541,1931,0,1,"Nterr.f[1,1,5]"
42.5167,6.7790500808004,29,38,42,47,56,1.0014876231393,1773,0,1,"Nterr.f[2,1,5]"
42.568375,6.7957066887933,30,38,42,47,56,1.00166572249024,1536,0,1,"Nterr.f[3,1,5]"
42.501375,6.77529672601268,30,38,42,47,56,1.00138832533855,1817,0,1,"Nterr.f[4,1,5]"
46.046275,7.03453059840481,32,41,46,51,60,1.00188758572589,1326,0,1,"Nterr.f[1,2,5]"
46.05805,7.06460033632107,33,41,46,51,60,1.00188949957567,1344,0,1,"Nterr.f[2,2,5]"
46.095,7.09751607031356,32,41,46,51,60,1.00123239648507,2095,0,1,"Nterr.f[3,2,5]"
46.083,7.04146650608124,32,41,46,51,60,1.00199400461559,1294,0,1,"Nterr.f[4,2,5]"
49.8011,7.33815269683897,36,45,50,55,64,1.00166705073395,1668,0,1,"Nterr.f[1,3,5]"
49.7925,7.33811896535813,36,45,50,55,64,1.00154686000984,1644,0,1,"Nterr.f[2,3,5]"
49.8349,7.38443330502625,36,45,50,55,65,1.00199578568635,1319,0,1,"Nterr.f[3,3,5]"
49.813975,7.34389665094938,36,45,50,55,64,1.00130302287851,1983,0,1,"Nterr.f[4,3,5]"
53.7231,7.62854712630665,39,49,54,59,69,1.00116246612415,2221,0,1,"Nterr.f[1,4,5]"
53.75185,7.63686320549808,39,49,54,59,69,1.00194518297154,1367,0,1,"Nterr.f[2,4,5]"
53.747225,7.64653460965576,39,49,54,59,69,1.00133653842373,2006,0,1,"Nterr.f[3,4,5]"
53.70235,7.66003729637033,39,49,54,59,69,1.00172766572359,1590,0,1,"Nterr.f[4,4,5]"
57.887075,7.96726803103623,42,53,58,63,74,1.00211334684308,1267,0,1,"Nterr.f[1,5,5]"
57.895675,7.94908617349503,42,53,58,63,74,1.00190506227691,1364,0,1,"Nterr.f[2,5,5]"
57.92205,7.91747693135408,43,53,58,63,73,1.00185401389114,1478,0,1,"Nterr.f[3,5,5]"
57.9183,7.97450719036125,42,53,58,63,74,1.00197882128848,1293,0,1,"Nterr.f[4,5,5]"
62.273375,8.23484890133302,46,57,62,68,79,1.00195618393902,1494,0,1,"Nterr.f[1,6,5]"
62.261125,8.2859794334016,46,57,62,68,79,1.00224848699272,1172,0,1,"Nterr.f[2,6,5]"
62.298375,8.28238264667436,46,57,62,68,79,1.00190835310503,1356,0,1,"Nterr.f[3,6,5]"
62.373675,8.29122491581552,46,57,62,68,79,1.0023996868101,1137,0,1,"Nterr.f[4,6,5]"
66.95955,8.57144681719565,50,61,67,73,84,1.00190818983157,1427,0,1,"Nterr.f[1,7,5]"
66.952,8.61725608459913,50,61,67,73,84,1.00228146770391,1182,0,1,"Nterr.f[2,7,5]"
66.99175,8.59716114290019,50,61,67,73,84,1.00211432796697,1260,0,1,"Nterr.f[3,7,5]"
66.996025,8.60074174233467,50,61,67,73,84,1.0022583738598,1197,0,1,"Nterr.f[4,7,5]"
38.740825,6.98997673914194,26,34,39,43,53,1.0012699176676,2053,0,1,"Nterr.f[1,1,6]"
38.7727,7.01207629310666,25,34,39,43,53,1.00175863331394,1474,0,1,"Nterr.f[2,1,6]"
38.855275,7.04284173575325,26,34,39,43,53,1.00159003132611,1625,0,1,"Nterr.f[3,1,6]"
38.83755,7.01511513045277,26,34,39,44,53,1.00169398343024,1478,0,1,"Nterr.f[4,1,6]"
42.8154,7.43796382907635,29,38,43,48,58,1.00190772078714,1291,0,1,"Nterr.f[1,2,6]"
42.86325,7.43851011448651,29,38,43,48,58,1.00207911172538,1205,0,1,"Nterr.f[2,2,6]"
42.895975,7.48654159188341,29,38,43,48,58,1.00155335492588,1623,0,1,"Nterr.f[3,2,6]"
42.936275,7.40892950636499,29,38,43,48,58,1.00199727244062,1266,0,1,"Nterr.f[4,2,6]"
47.2203,7.91353798955232,32,42,47,52,63,1.00201734119399,1358,0,1,"Nterr.f[1,3,6]"
47.23,7.91402336325493,32,42,47,52,63,1.00192569870709,1326,0,1,"Nterr.f[2,3,6]"
47.27555,7.90826692231888,32,42,47,52,63,1.00229220752227,1138,0,1,"Nterr.f[3,3,6]"
47.3143,7.89389152117533,32,42,47,52,63,1.00169025735477,1508,0,1,"Nterr.f[4,3,6]"
51.89025,8.35788856679918,36,46,52,57,69,1.00133054444408,1869,0,1,"Nterr.f[1,4,6]"
51.95185,8.38095684205805,36,46,52,57,69,1.00232219950543,1104,0,1,"Nterr.f[2,4,6]"
51.959925,8.38266519200594,36,46,52,57,69,1.00169219808886,1536,0,1,"Nterr.f[3,4,6]"
51.961175,8.39790633075551,36,46,52,58,69,1.00205365633144,1333,0,1,"Nterr.f[4,4,6]"
56.968225,8.90584910062371,40,51,57,63,75,1.00227296939506,1151,0,1,"Nterr.f[1,5,6]"
56.97285,8.90889146225147,40,51,57,63,75,1.00212470712504,1191,0,1,"Nterr.f[2,5,6]"
57.07255,8.83438948985392,40,51,57,63,75,1.00225905889252,1161,0,1,"Nterr.f[3,5,6]"
57.084975,8.92853835850558,40,51,57,63,75,1.00219017445324,1156,0,1,"Nterr.f[4,5,6]"
62.451225,9.39658333618315,45,56,62,69,81,1.00219999096221,1271,0,1,"Nterr.f[1,6,6]"
62.43725,9.45214240330732,44,56,62,69,81,1.00260169103797,1015,0,1,"Nterr.f[2,6,6]"
62.493275,9.45611919495153,44,56,62,69,82,1.00235934781328,1107,0,1,"Nterr.f[3,6,6]"
62.621325,9.43822320385602,44,56,62,69,82,1.00247728178632,1066,0,1,"Nterr.f[4,6,6]"
68.32325,9.97176992024904,49,62,68,75,88,1.0021175561838,1232,0,1,"Nterr.f[1,7,6]"
68.35575,9.99517081012066,49,62,68,75,88,1.00253314502938,1043,0,1,"Nterr.f[2,7,6]"
68.422175,9.99194371695798,49,62,68,75,88,1.00271568285139,965,0,1,"Nterr.f[3,7,6]"
68.484925,10.0035805857197,49,62,68,75,88,1.00267452192505,989,0,1,"Nterr.f[4,7,6]"
35.936575,7.26786232773746,22,31,36,41,51,1.00172716583883,1483,0,1,"Nterr.f[1,1,7]"
35.9993,7.28242235467594,23,31,36,41,51,1.00227141772898,1145,0,1,"Nterr.f[2,1,7]"
36.287825,7.38397215904124,22,31,36,41,51,1.00213637135045,1183,0,1,"Nterr.f[3,1,7]"
36.499725,7.38566947725226,23,31,36,41,52,1.00260976899182,979,0,1,"Nterr.f[4,1,7]"
40.508875,7.89296387337119,26,35,40,46,57,1.00223250071853,1124,0,1,"Nterr.f[1,2,7]"
40.640075,7.9336657712995,26,35,40,46,57,1.00258700621707,968,0,1,"Nterr.f[2,2,7]"
40.90295,8.01459525746176,26,35,41,46,57,1.00233294142109,1081,0,1,"Nterr.f[3,2,7]"
41.162675,7.95700601313034,26,36,41,46,58,1.00291253546841,865,0,1,"Nterr.f[4,2,7]"
45.572575,8.55169931407811,30,40,45,51,63,1.00242792536251,1083,0,1,"Nterr.f[1,3,7]"
45.69385,8.58507802915146,30,40,45,51,63,1.00249358124079,1024,0,1,"Nterr.f[2,3,7]"
45.98045,8.61297117023559,30,40,46,52,64,1.0026059432202,1001,0,1,"Nterr.f[3,3,7]"
46.273875,8.67605033011037,30,40,46,52,64,1.00215261702191,1198,0,1,"Nterr.f[4,3,7]"
51.0354,9.20146800871132,34,45,51,57,70,1.00189295786513,1325,0,1,"Nterr.f[1,4,7]"
51.226725,9.27362231148888,34,45,51,57,70,1.00278756679039,923,0,1,"Nterr.f[2,4,7]"
51.519475,9.325421964273,34,45,51,58,71,1.00192567224968,1332,0,1,"Nterr.f[3,4,7]"
51.816475,9.40281893367476,34,45,52,58,71,1.00277537098447,960,0,1,"Nterr.f[4,4,7]"
57.065575,9.99695320566271,38,50,57,64,77,1.00275427761473,945,0,1,"Nterr.f[1,5,7]"
57.260675,10.044899006176,38,50,57,64,78,1.00272052104308,937,0,1,"Nterr.f[2,5,7]"
57.6564,10.0289383052289,39,51,57,64,78,1.00275829122028,943,0,1,"Nterr.f[3,5,7]"
57.968625,10.1871922079394,39,51,58,65,79,1.00288921453159,889,0,1,"Nterr.f[4,5,7]"
63.721125,10.759509650099,44,56,63,71,86,1.00260010444509,1054,0,1,"Nterr.f[1,6,7]"
63.910625,10.8287588697801,43,57,64,71,86,1.00300119932392,874,0,1,"Nterr.f[2,6,7]"
64.29025,10.9396593567246,44,57,64,72,86,1.00289973918927,902,0,1,"Nterr.f[3,6,7]"
64.7762,10.9814606665944,44,57,65,72,87,1.00325560790879,807,0,1,"Nterr.f[4,6,7]"
70.98055,11.6566469721342,49,63,71,79,95,1.0026505453928,987,0,1,"Nterr.f[1,7,7]"
71.21375,11.7296334360889,49,63,71,79,95,1.0030493614739,867,0,1,"Nterr.f[2,7,7]"
71.653575,11.7923976033462,49,64,71,79,96,1.00339389126338,764,0,1,"Nterr.f[3,7,7]"
72.10885,11.8668012624214,50,64,72,80,96,1.00344942347921,762,0,1,"Nterr.f[4,7,7]"
33.308125,7.47247147402539,20,28,33,38,49,1.00209622961541,1190,0,1,"Nterr.f[1,1,8]"
32.898625,7.39482354047444,20,28,33,38,48,1.00277000448794,946,0,1,"Nterr.f[2,1,8]"
33.341275,7.4945153658118,20,28,33,38,49,1.00217482784139,1166,0,1,"Nterr.f[3,1,8]"
33.733275,7.54801014081209,20,28,33,39,49,1.00253566250771,1011,0,1,"Nterr.f[4,1,8]"
38.28165,8.28813251619538,23,33,38,44,55.0250000000015,1.00239025715669,1062,0,1,"Nterr.f[1,2,8]"
37.8663,8.16925900738973,23,32,38,43,55,1.00259380079413,980,0,1,"Nterr.f[2,2,8]"
38.30605,8.29406734879394,23,32,38,44,55,1.0024731112037,1036,0,1,"Nterr.f[3,2,8]"
38.7457,8.27453280900681,24,33,38,44,56,1.00321197840592,795,0,1,"Nterr.f[4,2,8]"
43.906425,9.15153334056305,27,38,44,50,63,1.00269463993992,977,0,1,"Nterr.f[1,3,8]"
43.426,9.02745597463839,27,37,43,49,62,1.00269784267289,947,0,1,"Nterr.f[2,3,8]"
43.899725,9.06586039325511,27,38,43,50,63,1.00272605713083,953,0,1,"Nterr.f[3,3,8]"
44.418775,9.18510270232001,27,38,44,50,63,1.00247516717315,1039,0,1,"Nterr.f[4,3,8]"
50.125125,10.0301537293289,32,43,50,57,71,1.00240983316606,1054,0,1,"Nterr.f[1,4,8]"
49.5728,9.8862249416089,31,43,49,56,70,1.00297743415873,871,0,1,"Nterr.f[2,4,8]"
50.11925,9.98802400142723,32,43,50,57,71,1.00217623693667,1184,0,1,"Nterr.f[3,4,8]"
50.660875,10.1114897661031,32,44,50,57,72,1.00298299049255,913,0,1,"Nterr.f[4,4,8]"
57.073425,11.0977954025088,37,49,57,64,80,1.00306447363931,851,0,1,"Nterr.f[1,5,8]"
56.4155,10.9290779971893,36,49,56,64,79,1.00271302574869,952,0,1,"Nterr.f[2,5,8]"
57.12675,10.9789115056979,37,49,57,64,80,1.00272607593322,943,0,1,"Nterr.f[3,5,8]"
57.7207,11.1347155804392,37,50,57,65,81,1.00294812414718,873,0,1,"Nterr.f[4,5,8]"
64.894125,12.161090115084,43,56,64,73,90,1.00303696074346,911,0,1,"Nterr.f[1,6,8]"
64.173425,12.0155465170473,42,56,64,72,89,1.00319342897508,815,0,1,"Nterr.f[2,6,8]"
64.849075,12.1735143449073,42,56,64,73,90,1.00319652408123,819,0,1,"Nterr.f[3,6,8]"
65.64115,12.2985185293372,43,57,65,74,91,1.00348774349112,755,0,1,"Nterr.f[4,6,8]"
73.579425,13.4698302727824,49,64,73,82,101,1.00292514769142,896,0,1,"Nterr.f[1,7,8]"
72.74785,13.2373147216505,48,64,72,81,100,1.00320420617565,828,0,1,"Nterr.f[2,7,8]"
73.534025,13.3986559176242,49,64,73,82,101,1.00349037281192,747,0,1,"Nterr.f[3,7,8]"
74.34285,13.5249168929766,49,65,74,83,102,1.00358546840377,736,0,1,"Nterr.f[4,7,8]"
30.8448,7.61219492641839,17,26,30,36,47,1.00223122995511,1129,0,1,"Nterr.f[1,1,9]"
30.1053,7.44490077661814,17,25,30,35,46,1.0027485904842,945,0,1,"Nterr.f[2,1,9]"
30.669375,7.54482506218703,17,25,30,36,47,1.00226361976541,1118,0,1,"Nterr.f[3,1,9]"
31.2098,7.63976394333148,17,26,31,36,47,1.00280803611749,911,0,1,"Nterr.f[4,1,9]"
36.176325,8.60915718488522,21,30,36,42,54,1.00285074385047,905,0,1,"Nterr.f[1,2,9]"
35.35635,8.33737083685929,20,30,35,41,53,1.00282429232041,901,0,1,"Nterr.f[2,2,9]"
35.9116,8.49060290547394,21,30,35,41,54,1.0027583328232,945,0,1,"Nterr.f[3,2,9]"
36.537475,8.55194562767593,21,31,36,42,54,1.00325324447419,796,0,1,"Nterr.f[4,2,9]"
42.25705,9.66189728283103,25,36,42,49,63,1.0030357557927,874,0,1,"Nterr.f[1,3,9]"
41.273225,9.37658365863616,24,35,41,47,61,1.00272563604166,942,0,1,"Nterr.f[2,3,9]"
41.957175,9.50090246755893,25,35,41,48,62,1.00286245789609,913,0,1,"Nterr.f[3,3,9]"
42.636325,9.66127315623308,25,36,42,49,63,1.00290552686355,890,0,1,"Nterr.f[4,3,9]"
49.145175,10.7998039386603,29,42,49,56,72,1.00280793854987,912,0,1,"Nterr.f[1,4,9]"
48.01505,10.4804827899524,29,41,48,55,70,1.00301222596653,858,0,1,"Nterr.f[2,4,9]"
48.7317,10.6251817618423,30,41,48,56,71,1.00244414082863,1064,0,1,"Nterr.f[3,4,9]"
49.52865,10.7643404792467,30,42,49,56,72,1.00300567664246,900,0,1,"Nterr.f[4,4,9]"
56.981125,12.1800873394884,35,48,56,65,82,1.0032731400479,788,0,1,"Nterr.f[1,5,9]"
55.6333,11.8145914328117,34,47,55,63,80,1.00281105702347,932,0,1,"Nterr.f[2,5,9]"
56.591325,11.8864793759201,35,48,56,64,81,1.00282105526722,913,0,1,"Nterr.f[3,5,9]"
57.415925,12.0876024979203,36,49,57,65,83,1.00299267710412,872,0,1,"Nterr.f[4,5,9]"
65.96415,13.5992991841844,41,56,65,75,94,1.00352446842171,785,0,1,"Nterr.f[1,6,9]"
64.384625,13.1735256159391,40,55,64,73,92,1.00320351101982,806,0,1,"Nterr.f[2,6,9]"
65.375025,13.4318461728709,41,56,65,74,94,1.00334638277794,785,0,1,"Nterr.f[3,6,9]"
66.44105,13.6016745305955,42,57,66,75,95,1.0036403544988,734,0,1,"Nterr.f[4,6,9]"
76.168075,15.3528814418854,48,66,75,86,108,1.00317562539979,838,0,1,"Nterr.f[1,7,9]"
74.255975,14.8097952399839,47,64,74,84,105,1.00321241814103,833,0,1,"Nterr.f[2,7,9]"
75.385325,15.0738326299296,48,65,75,85,107,1.0034624522104,754,0,1,"Nterr.f[3,7,9]"
76.573425,15.2349371955436,49,66,76,86,108,1.00363824276056,731,0,1,"Nterr.f[4,7,9]"
28.568925,7.67331227941418,15,23,28,33,45,1.00241181803727,1061,0,1,"Nterr.f[1,1,10]"
27.5992,7.42303757886032,14,22,27,32,43,1.00254404339743,1019,0,1,"Nterr.f[2,1,10]"
28.288875,7.57683386677187,15,23,28,33,44,1.00251811707011,1004,0,1,"Nterr.f[3,1,10]"
28.930225,7.67585691756044,15,24,28,34,45,1.00283749276834,905,0,1,"Nterr.f[4,1,10]"
34.14715,8.85251693327391,18,28,34,40,53,1.00298154972273,871,0,1,"Nterr.f[1,2,10]"
33.028425,8.47186882177766,18,27,33,38,51,1.00301496083627,847,0,1,"Nterr.f[2,2,10]"
33.72135,8.65653669594193,18,28,33,39,52,1.00275249863704,945,0,1,"Nterr.f[3,2,10]"
34.471825,8.74524260104194,19,28,34,40,53,1.00335022890936,776,0,1,"Nterr.f[4,2,10]"
40.663375,10.1146659001191,23,34,40,47,62,1.00299568708161,884,0,1,"Nterr.f[1,3,10]"
39.25895,9.68119249032375,22,32,39,45,60,1.00281906199751,927,0,1,"Nterr.f[2,3,10]"
40.126575,9.85850564348944,23,33,39,46,61,1.00310028403284,858,0,1,"Nterr.f[3,3,10]"
40.964425,10.0641513103647,23,34,40,47,62,1.00278345351654,924,0,1,"Nterr.f[4,3,10]"
48.1485,11.5147910319863,27,40,48,56,72,1.00311676537531,838,0,1,"Nterr.f[1,4,10]"
46.50545,11.0349723408291,27,39,46,54,70,1.00291829111605,894,0,1,"Nterr.f[2,4,10]"
47.42705,11.2041004366332,27,40,47,55,71,1.00251830778348,1044,0,1,"Nterr.f[3,4,10]"
48.3936,11.4161327621126,28,40,48,56,72,1.00312931633484,858,0,1,"Nterr.f[4,4,10]"
56.822725,13.2346940842077,33,47,56,65,85,1.0036561597626,709,0,1,"Nterr.f[1,5,10]"
54.874,12.6524474356013,32,46,54,63,81,1.00293550875856,899,0,1,"Nterr.f[2,5,10]"
56.0398,12.7783174985971,33,47,55,64,83,1.00289107967022,887,0,1,"Nterr.f[3,5,10]"
57.0914,13.0329732793332,34,48,56,65,85,1.0030453175994,873,0,1,"Nterr.f[4,5,10]"
66.95865,15.0795697887282,40,56,66,76,99,1.00359924397968,761,0,1,"Nterr.f[1,6,10]"
64.601725,14.3762084329839,39,54,64,74,95,1.00308811344885,831,0,1,"Nterr.f[2,6,10]"
65.826925,14.6670838317669,40,56,65,75,97,1.00350745963373,753,0,1,"Nterr.f[3,6,10]"
67.1836,14.910927182229,41,57,66,77,99,1.00365692011354,736,0,1,"Nterr.f[4,6,10]"
78.686475,17.3477361829474,48,67,78,90,115,1.00320743129354,837,0,1,"Nterr.f[1,7,10]"
75.805225,16.4579755536141,46,64,75,86,111,1.0030914931513,864,0,1,"Nterr.f[2,7,10]"
77.2444,16.7672298588624,47,66,76,88,113,1.00349001007256,741,0,1,"Nterr.f[3,7,10]"
78.7122,17.0311985104709,48,67,78,90,115,1.00366050953749,733,0,1,"Nterr.f[4,7,10]"
26.459375,7.71704207762506,13,21,26,31,43,1.00268224532936,969,0,1,"Nterr.f[1,1,11]"
25.361675,7.38014416238405,13,20,25,30,41,1.00276508535075,945,0,1,"Nterr.f[2,1,11]"
26.1322,7.55622925638273,13,21,26,31,42,1.0027214560115,941,0,1,"Nterr.f[3,1,11]"
26.874075,7.69104327760821,13,21,26,32,43,1.00307559625891,847,0,1,"Nterr.f[4,1,11]"
32.24215,9.02367436496775,16,26,32,38,52,1.00294531952179,894,0,1,"Nterr.f[1,2,11]"
30.907225,8.5399497110874,16,25,30,36,49,1.00315975644719,808,0,1,"Nterr.f[2,2,11]"
31.715025,8.76402501438331,16,25,31,37,51,1.00284554567041,922,0,1,"Nterr.f[3,2,11]"
32.5769,8.89941663146577,17,26,32,38,52,1.00337513288967,782,0,1,"Nterr.f[4,2,11]"
39.0848,10.5074887172425,21,32,38,46,62,1.00323890626221,827,0,1,"Nterr.f[1,3,11]"
37.405225,9.93025593572234,20,30,37,44,59,1.00291275298315,899,0,1,"Nterr.f[2,3,11]"
38.395875,10.1402085077226,21,31,38,45,60,1.003220679267,827,0,1,"Nterr.f[3,3,11]"
39.3963,10.4316593501667,21,32,39,46,62,1.00306256408651,845,0,1,"Nterr.f[4,3,11]"
47.1347,12.1880113062177,26,38,46,55,73,1.00320936909483,821,0,1,"Nterr.f[1,4,11]"
45.117525,11.5472246160834,25,37,44,52,70,1.00312445599599,836,0,1,"Nterr.f[2,4,11]"
46.146275,11.7409869642099,26,38,45,54,71,1.00271253351931,973,0,1,"Nterr.f[3,4,11]"
47.298625,11.9848775146683,26,39,46,55,73,1.00349013677161,768,0,1,"Nterr.f[4,4,11]"
56.6385,14.2862335890799,32,47,56,66,87,1.00382429491658,683,0,1,"Nterr.f[1,5,11]"
54.147425,13.477000096745,31,45,53,63,83,1.00311339818088,847,0,1,"Nterr.f[2,5,11]"
55.48135,13.6349990835167,31,46,55,64,85,1.00306295304213,843,0,1,"Nterr.f[3,5,11]"
56.750825,13.9319180042755,32,47,56,66,87,1.00322836248455,826,0,1,"Nterr.f[4,5,11]"
67.9071,16.5860015367229,39,56,67,78,104,1.00374027539475,731,0,1,"Nterr.f[1,6,11]"
64.829475,15.593416081475,37,54,64,75,98,1.0031288416457,829,0,1,"Nterr.f[2,6,11]"
66.315425,15.8954222554983,38,55,65,76,100,1.00354755907476,746,0,1,"Nterr.f[3,6,11]"
67.88685,16.256881749973,39,56,67,78,103,1.00385137642413,702,0,1,"Nterr.f[4,6,11]"
81.197125,19.411216773242,47,68,80,93,123,1.00343585134096,778,0,1,"Nterr.f[1,7,11]"
77.365475,18.1653943685016,45,65,76,89,116,1.00316312019676,843,0,1,"Nterr.f[2,7,11]"
79.107025,18.5355984489204,46,66,78,91,119,1.00353162033322,737,0,1,"Nterr.f[3,7,11]"
80.845225,18.8686319146655,48,68,80,93,121,1.0038256139379,701,0,1,"Nterr.f[4,7,11]"
24.520525,7.68943475878089,11,19,24,29,41,1.00272725962354,953,0,1,"Nterr.f[1,1,12]"
23.359175,7.27921650963892,11,18,23,28,39,1.00292318689666,890,0,1,"Nterr.f[2,1,12]"
24.21915,7.48434523943755,11,19,24,29,41,1.00291704343323,894,0,1,"Nterr.f[3,1,12]"
25.036525,7.64839547704022,12,20,24,30,42,1.00292762665762,878,0,1,"Nterr.f[4,1,12]"
30.4216,9.13088647214465,15,24,30,36,50,1.00323285542671,823,0,1,"Nterr.f[1,2,12]"
28.971725,8.5834006893282,14,23,28,34,47.0250000000015,1.00321310902357,801,0,1,"Nterr.f[2,2,12]"
29.881975,8.8277598139595,15,24,29,35,49,1.00268262803783,964,0,1,"Nterr.f[3,2,12]"
30.84305,8.99615417649393,15,24,30,36,50,1.00341648056395,777,0,1,"Nterr.f[4,2,12]"
37.5883,10.8532689981498,19,30,37,44,61,1.00328851229471,815,0,1,"Nterr.f[1,3,12]"
35.6756,10.1209695924174,18,28,35,42,57,1.00310697683381,847,0,1,"Nterr.f[2,3,12]"
36.79805,10.415220982687,19,29,36,43,59,1.00328884160092,818,0,1,"Nterr.f[3,3,12]"
37.929425,10.7118375060465,19,30,37,45,61,1.00319089723024,805,0,1,"Nterr.f[4,3,12]"
46.148025,12.7968143520493,24,37,45,54,74,1.00328750759299,813,0,1,"Nterr.f[1,4,12]"
43.800175,11.990904449378,23,35,43,51,70,1.00299312363359,869,0,1,"Nterr.f[2,4,12]"
44.9899,12.2351375331363,24,36,44,53,71,1.00267423106706,1002,0,1,"Nterr.f[3,4,12]"
46.259825,12.5159670902883,25,37,45,54,73,1.00353586453547,761,0,1,"Nterr.f[4,4,12]"
56.437575,15.274921806683,30,46,55,66,89,1.00395492392629,660,0,1,"Nterr.f[1,5,12]"
53.437075,14.2578705498469,29,43,52,62,84,1.00318421389065,832,0,1,"Nterr.f[2,5,12]"
54.976625,14.4739461097268,30,45,54,64,86,1.00314567827884,829,0,1,"Nterr.f[3,5,12]"
56.418675,14.7823374058995,31,46,55,66,89,1.00336148577646,792,0,1,"Nterr.f[4,5,12]"
68.87155,18.0863976109662,38,56,67,80,108,1.00377465632842,729,0,1,"Nterr.f[1,6,12]"
65.085975,16.8131912611611,36,53,64,76,101,1.00314832628938,831,0,1,"Nterr.f[2,6,12]"
66.803725,17.1507902110806,37,55,65,78,104,1.00363658824322,732,0,1,"Nterr.f[3,6,12]"
68.595175,17.5650065458499,38,56,67,80,106.025000000001,1.00393784474813,682,0,1,"Nterr.f[4,6,12]"
83.734425,21.5477632846646,47,69,82,97,131,1.00354892522245,753,0,1,"Nterr.f[1,7,12]"
78.968075,19.9396676389807,44,65,77,91,122,1.00314512931327,862,0,1,"Nterr.f[2,7,12]"
81.006275,20.3711084670393,46,67,79,94,125,1.00347088815158,753,0,1,"Nterr.f[3,7,12]"
83.023375,20.7591028736354,47,68,81,96,128,1.00380883869163,713,0,1,"Nterr.f[4,7,12]"
22.7896,7.63460798083147,10,17,22,28,40,1.00306668757425,852,0,1,"Nterr.f[1,1,13]"
21.573625,7.1647130219704,10,16,21,26,37,1.00315507807007,823,0,1,"Nterr.f[2,1,13]"
22.5037,7.40182788143575,10,17,22,27,39,1.00304427734577,880,0,1,"Nterr.f[3,1,13]"
23.4037,7.6085986606825,11,18,23,28,40,1.00283531362695,893,0,1,"Nterr.f[4,1,13]"
28.785925,9.23368715188226,13,22,28,34,49,1.00342169705279,784,0,1,"Nterr.f[1,2,13]"
27.21875,8.60962551907976,13,21,27,33,46,1.00333443965143,774,0,1,"Nterr.f[2,2,13]"
28.246925,8.85610319545059,13,22,27,34,48,1.00285693055664,917,0,1,"Nterr.f[3,2,13]"
29.303925,9.08320522777094,14,23,29,35,49,1.00356368124178,761,0,1,"Nterr.f[4,2,13]"
36.1763,11.1701829723013,17,28,35,43,61,1.00353251243146,768,0,1,"Nterr.f[1,3,13]"
34.111425,10.322808410443,17,27,33,40,57,1.00314313241382,834,0,1,"Nterr.f[2,3,13]"
35.346225,10.6189652184162,17,28,34,42,59,1.00331553020093,800,0,1,"Nterr.f[3,3,13]"
36.57985,10.9624052258484,18,29,36,43,61,1.00326217816614,784,0,1,"Nterr.f[4,3,13]"
45.23415,13.4226274607731,22,36,44,53,74,1.00342864426317,769,0,1,"Nterr.f[1,4,13]"
42.606775,12.4489406578416,21,34,42,50,70,1.0030867338237,843,0,1,"Nterr.f[2,4,13]"
43.948775,12.7150557535327,22,35,43,52,72,1.0027934137294,947,0,1,"Nterr.f[3,4,13]"
45.3712,13.0732411169087,23,36,44,53,74,1.00371779085073,725,0,1,"Nterr.f[4,4,13]"
56.25635,16.2937019058146,29,45,55,66,92,1.0040157194379,653,0,1,"Nterr.f[1,5,13]"
52.8374,15.0346902957064,27,42,52,62,86,1.00329375206958,800,0,1,"Nterr.f[2,5,13]"
54.589225,15.3164357384304,28,44,53,64,88,1.00321903219459,822,0,1,"Nterr.f[3,5,13]"
56.1781,15.6702367339483,30,45,55,66,90,1.00334648770558,799,0,1,"Nterr.f[4,5,13]"
69.8811,19.6520550546679,37,56,68,82,113,1.00370622747531,740,0,1,"Nterr.f[1,6,13]"
65.4478,18.0502374066593,35,53,64,77,105,1.00310886633139,845,0,1,"Nterr.f[2,6,13]"
67.3857,18.4568131555476,36,54,66,79,108,1.00378813070488,704,0,1,"Nterr.f[3,6,13]"
69.420675,18.9193104010698,37,56,68,81,111,1.00404742630826,671,0,1,"Nterr.f[4,6,13]"
86.433125,23.8458862991441,46,70,84,101,139,1.00374220912154,725,0,1,"Nterr.f[1,7,13]"
80.713775,21.775706757405,44,65,79,94,129,1.00323866857994,838,0,1,"Nterr.f[2,7,13]"
83.05495,22.2957194989352,45,67,81,97,132,1.00345558521174,760,0,1,"Nterr.f[3,7,13]"
85.34665,22.7874870382111,46,69,83,99,135,1.00384248642659,708,0,1,"Nterr.f[4,7,13]"
21.208225,7.55606013081503,9,16,20,26,38,1.00300046663702,894,0,1,"Nterr.f[1,1,14]"
19.964825,7.05712638367735,8,15,19,24,36,1.00327769415888,797,0,1,"Nterr.f[2,1,14]"
20.95735,7.29540688046519,9,16,20,25,37,1.00339993561122,802,0,1,"Nterr.f[3,1,14]"
21.934925,7.52762624426166,9,17,21,27,39,1.00278577125861,918,0,1,"Nterr.f[4,1,14]"
27.294225,9.29960852495109,12,21,26,33,48,1.00370497023076,722,0,1,"Nterr.f[1,2,14]"
25.629225,8.59762460672115,11,19,25,31,45,1.00330161993342,788,0,1,"Nterr.f[2,2,14]"
26.7416,8.86691293481699,12,20,26,32,46,1.00281239056457,926,0,1,"Nterr.f[3,2,14]"
27.90455,9.149548193944,13,21,27,33,48,1.0037039995438,725,0,1,"Nterr.f[4,2,14]"
34.89635,11.4693785944851,16,27,34,42,60,1.00386538467849,716,0,1,"Nterr.f[1,3,14]"
32.6355,10.4826374015403,15,25,32,39,56,1.00323620888645,812,0,1,"Nterr.f[2,3,14]"
33.99675,10.8326415564523,16,26,33,41,58,1.00348236564005,768,0,1,"Nterr.f[3,3,14]"
35.35215,11.1648446796818,17,27,34,42,60,1.00317405789696,805,0,1,"Nterr.f[4,3,14]"
44.377275,14.0169807900324,21,34,43,53,75,1.0036086494005,744,0,1,"Nterr.f[1,4,14]"
41.45505,12.8381209657507,20,32,40,49,70,1.00325224149713,815,0,1,"Nterr.f[2,4,14]"
42.96355,13.1880635243764,21,34,42,51,72,1.00294812682772,896,0,1,"Nterr.f[3,4,14]"
44.52125,13.5674776708406,22,35,43,53,75,1.00397230882482,680,0,1,"Nterr.f[4,4,14]"
56.152,17.302263730745,27,44,55,67,95,1.004135987337,639,0,1,"Nterr.f[1,5,14]"
52.269075,15.7945278600575,26,41,51,62,87,1.00343642712791,770,0,1,"Nterr.f[2,5,14]"
54.213225,16.0981641460011,27,43,53,64,89,1.0032706562614,825,0,1,"Nterr.f[3,5,14]"
55.977725,16.5426817757093,28,44,54,66,93,1.00364333594188,735,0,1,"Nterr.f[4,5,14]"
70.955625,21.2697958609098,35,56,69,84,118,1.00377500928169,731,0,1,"Nterr.f[1,6,14]"
65.81905,19.3081544228904,33,52,64,78,109,1.00322405024316,815,0,1,"Nterr.f[2,6,14]"
68.00645,19.7810083313456,35,54,66,80,112,1.00382581601602,703,0,1,"Nterr.f[3,6,14]"
70.244925,20.2949509452529,36,56,68,83,115,1.00430113671318,633,0,1,"Nterr.f[4,6,14]"
89.25255,26.2595136578905,45,71,87,105,148,1.00386831917354,708,0,1,"Nterr.f[1,7,14]"
82.515025,23.7055251586513,43,66,80,97,135,1.00331921753344,819,0,1,"Nterr.f[2,7,14]"
85.131375,24.3038522160621,44,68,83,100,139,1.00342540903861,771,0,1,"Nterr.f[3,7,14]"
87.723075,24.9033058430085,46,70,85,103,143,1.00403212438062,685,0,1,"Nterr.f[4,7,14]"
19.7691,7.46076247875638,8,14,19,24,37,1.00351628158432,768,0,1,"Nterr.f[1,1,15]"
18.530675,6.90952983816118,7,14,18,23,34,1.00362151746238,739,0,1,"Nterr.f[2,1,15]"
19.58025,7.17497713898265,8,14,19,24,36,1.00354875627144,780,0,1,"Nterr.f[3,1,15]"
20.621825,7.43284534005122,8,15,20,25,37,1.00313343282616,825,0,1,"Nterr.f[4,1,15]"
25.878475,9.34682784446915,11,19,25,32,47,1.00359362034762,749,0,1,"Nterr.f[1,2,15]"
24.1608,8.54538582806381,10,18,23,29,43,1.00342995290122,768,0,1,"Nterr.f[2,2,15]"
25.3508,8.840862140147,11,19,24,31,45,1.00296409174071,887,0,1,"Nterr.f[3,2,15]"
26.63085,9.19595793914699,11,20,26,32,47,1.00393810935631,678,0,1,"Nterr.f[4,2,15]"
33.693925,11.6962392735744,14,25,33,41,60,1.00398415775778,702,0,1,"Nterr.f[1,3,15]"
31.291975,10.6174005212774,14,24,30,38,55,1.00322941014253,819,0,1,"Nterr.f[2,3,15]"
32.740725,11.0036461448052,15,25,32,39,57,1.0035737453941,748,0,1,"Nterr.f[3,3,15]"
34.1976,11.3517917448919,15,26,33,41,59,1.0031482328173,818,0,1,"Nterr.f[4,3,15]"
43.576275,14.5511709335972,20,33,42,52,76,1.00404200875569,671,0,1,"Nterr.f[1,4,15]"
40.373325,13.2105456513834,18,31,39,48,70,1.00349206947304,767,0,1,"Nterr.f[2,4,15]"
42.015025,13.6212605039995,20,32,41,50,73,1.00300964387571,878,0,1,"Nterr.f[3,4,15]"
43.733975,14.0502131980852,20,34,42,52,75,1.00403884939161,677,0,1,"Nterr.f[4,4,15]"
56.10175,18.3267425822169,26,43,54,67,97,1.00422611345302,633,0,1,"Nterr.f[1,5,15]"
51.740925,16.537395268918,24,40,50,62,89,1.00345197644027,767,0,1,"Nterr.f[2,5,15]"
53.8941,16.8892085760156,26,42,52,64,91,1.00332618109414,808,0,1,"Nterr.f[3,5,15]"
55.822875,17.3848240582717,27,43,54,66,95,1.0037339097159,716,0,1,"Nterr.f[4,5,15]"
72.086875,22.9303537426365,34.975,56,70,86,124,1.00390752832412,720,0,1,"Nterr.f[1,6,15]"
66.20465,20.5397399058602,32,52,64,79,112,1.00338034322525,782,0,1,"Nterr.f[2,6,15]"
68.642875,21.1134881348134,34,54,66,81,116,1.00380753346181,712,0,1,"Nterr.f[3,6,15]"
71.11135,21.700582343784,35,56,69,84,120,1.00439963976808,623,0,1,"Nterr.f[4,6,15]"
92.20955,28.8417862659957,45,72,89,109,157,1.00397689727702,688,0,1,"Nterr.f[1,7,15]"
84.339375,25.6717885163367,42,66,82,100,142,1.00329713405019,833,0,1,"Nterr.f[2,7,15]"
87.27585,26.4000034239017,44,68,84,103,147,1.00361469642348,741,0,1,"Nterr.f[3,7,15]"
90.17165,27.1258019513855,45,71,87,106,151,1.00409315483629,679,0,1,"Nterr.f[4,7,15]"
18.450725,7.35751488615602,7,13,18,23,35,1.00374226622028,741,0,1,"Nterr.f[1,1,16]"
17.2384,6.76190494786514,6,12,16,21,33,1.00351597931587,771,0,1,"Nterr.f[2,1,16]"
18.3472,7.07265881564833,7,13,18,23,34,1.00334954298232,810,0,1,"Nterr.f[3,1,16]"
19.44175,7.33855934763987,7,14,19,24,36,1.00336727304567,772,0,1,"Nterr.f[4,1,16]"
24.569175,9.34630401037444,10,18,23,30,46,1.00373610520579,721,0,1,"Nterr.f[1,2,16]"
22.8221,8.48005892520709,9,17,22,28,42,1.00346898598877,754,0,1,"Nterr.f[2,2,16]"
24.098675,8.82867696106257,10,18,23,29,44,1.00314697182944,850,0,1,"Nterr.f[3,2,16]"
25.429725,9.19020799125069,10,19,24,31,46,1.00400892971112,671,0,1,"Nterr.f[4,2,16]"
32.54615,11.9094213140438,13,24,31,40,60,1.00417554481182,666,0,1,"Nterr.f[1,3,16]"
30.0266,10.7289757299103,13,22,29,36,54,1.00345577864528,777,0,1,"Nterr.f[2,3,16]"
31.575975,11.1196029128112,13,24,30,38,57,1.0035964380915,753,0,1,"Nterr.f[3,3,16]"
33.1124,11.5354645729408,14,25,32,40,59,1.00314387967422,824,0,1,"Nterr.f[4,3,16]"
42.77935,15.0776190740589,18,32,41,52,77,1.00434700975011,629,0,1,"Nterr.f[1,4,16]"
39.3369,13.5447548851806,17,30,38,47,70,1.00361641551968,755,0,1,"Nterr.f[2,4,16]"
41.11495,13.9835215510748,18,31,40,49,73,1.0032134146621,833,0,1,"Nterr.f[3,4,16]"
42.973625,14.4932977873013,19,33,41,52,76,1.00403738358301,680,0,1,"Nterr.f[4,4,16]"
56.0682,19.3559193801373,25,42,54,68,100,1.00429885552528,630,0,1,"Nterr.f[1,5,16]"
51.232775,17.261965131044,23,39,49,61,90,1.00354888391731,755,0,1,"Nterr.f[2,5,16]"
53.534875,17.6512159034427,25,41,52,64,93,1.00343355500939,783,0,1,"Nterr.f[3,5,16]"
55.691575,18.2369875174662,26,43,54,66,97,1.00377402959996,711,0,1,"Nterr.f[4,5,16]"
73.2533,24.6583959336825,34,56,71,88,129,1.00409565196527,691,0,1,"Nterr.f[1,6,16]"
66.6034,21.796590002186,31,51,64,79,116,1.00342124594475,780,0,1,"Nterr.f[2,6,16]"
69.299425,22.4749293153631,33,53,67,83,120,1.00398856446118,681,0,1,"Nterr.f[3,6,16]"
71.9907,23.1182303566768,34,55,69,86,124,1.0044852203256,612,0,1,"Nterr.f[4,6,16]"
95.273875,31.5457547991885,44,73,92,114,167,1.00409480666069,675,0,1,"Nterr.f[1,7,16]"
86.1744,27.740200478873,41,66,83,103,149,1.00338626494834,809,0,1,"Nterr.f[2,7,16]"
89.44385,28.5496816844883,43,69,86,106,154,1.00369986891669,732,0,1,"Nterr.f[3,7,16]"
92.66025,29.3997700433093,45,72,89,110,159,1.00412343466266,673,0,1,"Nterr.f[4,7,16]"
17.2699,7.23750741124582,6,12,16,22,34,1.00406491839154,709,0,1,"Nterr.f[1,1,17]"
16.058175,6.59329412794253,6,11,15,20,31,1.0037783279988,727,0,1,"Nterr.f[2,1,17]"
17.253225,6.95504575225141,6,12,16,21,33,1.0036700580652,760,0,1,"Nterr.f[3,1,17]"
18.385075,7.23120664226328,7,13,18,23,35,1.00340961048871,753,0,1,"Nterr.f[4,1,17]"
23.345425,9.33757389938806,9,17,22,29,45,1.00389798958629,712,0,1,"Nterr.f[1,2,17]"
21.5896,8.43423086275543,8,15,21,27,41,1.00340269095583,778,0,1,"Nterr.f[2,2,17]"
22.9441,8.78565050985822,9,17,22,28,43,1.00315434102141,847,0,1,"Nterr.f[3,2,17]"
24.331075,9.16956195060779,10,18,23,30,45,1.00411938397904,660,0,1,"Nterr.f[4,2,17]"
31.45715,12.1150581196844,12,23,30,38,59,1.00432395009662,645,0,1,"Nterr.f[1,3,17]"
28.857575,10.8066118506619,12,21,28,35,53,1.00372516458649,726,0,1,"Nterr.f[2,3,17]"
30.476,11.2234318786893,12,22,29,37,56,1.00374081042823,733,0,1,"Nterr.f[3,3,17]"
32.096575,11.6707434821313,13,24,31,39,59,1.00339478841183,772,0,1,"Nterr.f[4,3,17]"
42.045675,15.5743122729206,17,31,40,51,78,1.00453537818116,608,0,1,"Nterr.f[1,4,17]"
38.34205,13.8806995012127,16,28,37,47,70,1.00384554264415,716,0,1,"Nterr.f[2,4,17]"
40.284175,14.3612229871803,17,30,39,49,73,1.00356308531514,747,0,1,"Nterr.f[3,4,17]"
42.2587,14.8962083006228,18,32,40,51,76,1.00407057061047,671,0,1,"Nterr.f[4,4,17]"
56.05195,20.3736650692311,24,41,54,68,103,1.00452157354051,611,0,1,"Nterr.f[1,5,17]"
50.75415,17.9589370749781,22,38,49,61,91,1.00363638062532,738,0,1,"Nterr.f[2,5,17]"
53.2311,18.4390033003703,23,40,51,64,95,1.00340050682111,800,0,1,"Nterr.f[3,5,17]"
55.539775,19.0503829587924,25,42,53,67,99,1.00380050358143,710,0,1,"Nterr.f[4,5,17]"
74.439025,26.436472991437,33,55,71,90,135,1.00429086046768,665,0,1,"Nterr.f[1,6,17]"
66.983975,23.0996105594786,30,50,64,81,119,1.00349021333822,768,0,1,"Nterr.f[2,6,17]"
69.945,23.833383640482,32,53,67,84,124,1.004100435189,667,0,1,"Nterr.f[3,6,17]"
72.89055,24.5708987203175,33,55,70,87,129,1.00445753374164,621,0,1,"Nterr.f[4,6,17]"
98.4674,34.4361406582472,44,74,94,118,178,1.00428852066439,650,0,1,"Nterr.f[1,7,17]"
88.10675,29.8894502946855,40,67,84,106,157,1.00344988141415,802,0,1,"Nterr.f[2,7,17]"
91.658425,30.8083297234512,42,70,88,110,162,1.0038131465591,719,0,1,"Nterr.f[3,7,17]"
95.177875,31.7666147618803,45,72,91,114,168,1.00427938358443,650,0,1,"Nterr.f[4,7,17]"
16.18315,7.10282812207105,5,11,15,20,33,1.00397237484387,714,0,1,"Nterr.f[1,1,18]"
15.0237,6.4306626521342,5,10,14,19,30,1.00377154552189,719,0,1,"Nterr.f[2,1,18]"
16.251325,6.78614117427393,5,11,15,20,32,1.00379719893435,743,0,1,"Nterr.f[3,1,18]"
17.411125,7.12094578908576,6,12,17,22,34,1.0034941887855,741,0,1,"Nterr.f[4,1,18]"
22.220925,9.30479616247264,8,16,21,28,44,1.00418370221651,671,0,1,"Nterr.f[1,2,18]"
20.46505,8.3559603906045,7,14,19,25,40,1.00322985336072,827,0,1,"Nterr.f[2,2,18]"
21.883575,8.71629047028402,8,16,21,27,42,1.00326014790103,835,0,1,"Nterr.f[3,2,18]"
23.33305,9.15435812901805,9,17,22,29,44,1.00418007204401,647,0,1,"Nterr.f[4,2,18]"
30.425,12.3048470218652,11,22,29,37,59,1.00436511943834,639,0,1,"Nterr.f[1,3,18]"
27.7476,10.8526696600868,11,20,26,34,53,1.00379275458894,710,0,1,"Nterr.f[2,3,18]"
29.46195,11.3383934565993,12,21,28,36,55,1.00384586636581,714,0,1,"Nterr.f[3,3,18]"
31.194575,11.8003346040184,12,23,30,38,58,1.00373795209597,703,0,1,"Nterr.f[4,3,18]"
41.3603,16.0579864984144,16,30,39,51,78,1.00444775660098,623,0,1,"Nterr.f[1,4,18]"
37.44465,14.1617989779285,15,27,36,46,70,1.00387500508389,716,0,1,"Nterr.f[2,4,18]"
39.489925,14.7143505224375,16,29,38,48,74,1.00379541266271,704,0,1,"Nterr.f[3,4,18]"
41.5918,15.2699722351189,17,31,40,50,77,1.00415338652872,657,0,1,"Nterr.f[4,4,18]"
56.0405,21.3796231715429,23,41,53,68,106,1.00469477518592,594,0,1,"Nterr.f[1,5,18]"
50.2928,18.6407619240772,21,37,48,61,93,1.00358247466516,758,0,1,"Nterr.f[2,5,18]"
52.95545,19.1898846163621,22,39,51,64,97,1.00333124059402,811,0,1,"Nterr.f[3,5,18]"
55.439425,19.8446498059936,24,41,53,67,101,1.00377113491551,717,0,1,"Nterr.f[4,5,18]"
75.648225,28.2718634300239,32,55,72,92,141,1.00446933326129,643,0,1,"Nterr.f[1,6,18]"
67.416675,24.370798208912,29,50,64,82,123,1.00355428183589,758,0,1,"Nterr.f[2,6,18]"
70.607275,25.2152897533482,31,53,67,85,129,1.00415754046795,664,0,1,"Nterr.f[3,6,18]"
73.783875,26.0195559227408,33,55,71,89,134,1.00449223202699,625,0,1,"Nterr.f[4,6,18]"
101.746675,37.4843331049798,44,75,97,123,189,1.00448151112597,628,0,1,"Nterr.f[1,7,18]"
90.088775,32.1157777358554,40,67,86,109,164,1.00359300615444,776,0,1,"Nterr.f[2,7,18]"
93.939925,33.1218838907781,42,70,90,113,170,1.00389394540859,707,0,1,"Nterr.f[3,7,18]"
97.75375,34.2324006953783,44,73,93,118,176,1.00433474106468,648,0,1,"Nterr.f[4,7,18]"
15.188075,6.94942876489708,5,10,14,19,31,1.00417440077791,710,0,1,"Nterr.f[1,1,19]"
14.101875,6.29249444747743,4,10,13,18,29,1.00372836677106,743,0,1,"Nterr.f[2,1,19]"
15.36745,6.64382675935716,5,11,15,19,31,1.00392008191398,716,0,1,"Nterr.f[3,1,19]"
16.571,6.98922243391608,5,12,16,21,33,1.00395876314901,665,0,1,"Nterr.f[4,1,19]"
21.177075,9.27773524916824,7,15,20,26,43,1.00413041401773,682,0,1,"Nterr.f[1,2,19]"
19.442225,8.26698981657717,7,13,18,24,39,1.00333000032717,806,0,1,"Nterr.f[2,2,19]"
20.9072,8.64604863587554,7,15,20,26,41,1.00342426445254,810,0,1,"Nterr.f[3,2,19]"
22.429275,9.08789924692132,8,16,21,28,43,1.00422192470255,640,0,1,"Nterr.f[4,2,19]"
29.461675,12.4571911253959,10,20,28,37,58,1.00440816526028,638,0,1,"Nterr.f[1,3,19]"
26.7249,10.8850393702573,10,19,25,33,52,1.00367373194334,726,0,1,"Nterr.f[2,3,19]"
28.49615,11.3888773740302,11,20,27,35,55,1.00387966233704,719,0,1,"Nterr.f[3,3,19]"
30.322325,11.907458850812,12,22,29,37,58,1.00386097845513,693,0,1,"Nterr.f[4,3,19]"
40.701475,16.5478549550075,15,29,39,50,79,1.00437943439943,634,0,1,"Nterr.f[1,4,19]"
36.5667,14.4278361222804,14,26,35,45,70,1.0039637757708,706,0,1,"Nterr.f[2,4,19]"
38.76545,15.0241764980476,15,28,37,47,74,1.00372708338508,719,0,1,"Nterr.f[3,4,19]"
40.98015,15.6475230340756,16,30,39,50,77,1.00448528273699,614,0,1,"Nterr.f[4,4,19]"
56.081675,22.4214812683045,22,40,53,69,108.025000000001,1.00478989304341,588,0,1,"Nterr.f[1,5,19]"
49.894775,19.3117263927589,20,36,47,61,95,1.0036477088269,755,0,1,"Nterr.f[2,5,19]"
52.67645,19.9410344896877,22,38,50,64,99,1.00339395311579,797,0,1,"Nterr.f[3,5,19]"
55.3518,20.6648799341193,23,41,53,67,104,1.00395493408073,688,0,1,"Nterr.f[4,5,19]"
76.920975,30.1312981371125,31,55,73,94,147,1.0045126153594,643,0,1,"Nterr.f[1,6,19]"
67.85585,25.6569420965251,28,49,64,83,127,1.00361359508828,752,0,1,"Nterr.f[2,6,19]"
71.294025,26.6067241922729,30,52,68,86,133,1.00418995588873,664,0,1,"Nterr.f[3,6,19]"
74.7264,27.4841068154522,32,55,71,91,139,1.00444986005298,635,0,1,"Nterr.f[4,6,19]"
105.134575,40.6798492600793,43,76,99,128,201,1.00449801762684,632,0,1,"Nterr.f[1,7,19]"
92.085325,34.4352136517672,39,67,87,112,172,1.00355538773319,785,0,1,"Nterr.f[2,7,19]"
96.26545,35.5450991368616,41,71,91,116,179,1.00406340855347,684,0,1,"Nterr.f[3,7,19]"
100.41295,36.7970579378885,43,74,95,121,186,1.00438401889869,641,0,1,"Nterr.f[4,7,19]"
14.27705,6.81474535961234,4,9,13,18,30,1.00431791215315,688,0,1,"Nterr.f[1,1,20]"
13.261425,6.15467537487553,4,9,12,17,28,1.0039014993343,712,0,1,"Nterr.f[2,1,20]"
14.55735,6.4915648720368,4,10,14,18,30,1.00383965611785,730,0,1,"Nterr.f[3,1,20]"
15.79335,6.86467944430742,5,11,15,20,32,1.00417884481063,636,0,1,"Nterr.f[4,1,20]"
20.201275,9.21298460606056,6,14,19,25,42,1.00435612729388,657,0,1,"Nterr.f[1,2,20]"
18.5002,8.13794848933934,6,13,17,23,38,1.00352114800637,770,0,1,"Nterr.f[2,2,20]"
20.0206,8.57385055927821,7,14,19,25,40,1.00366979716611,757,0,1,"Nterr.f[3,2,20]"
21.59355,9.04359127012475,7,15,20,27,42,1.00445672279815,610,0,1,"Nterr.f[4,2,20]"
28.555975,12.6033562162653,10,19,27,36,58,1.0044883080742,636,0,1,"Nterr.f[1,3,20]"
25.76305,10.9112479158333,9,18,24,32,51,1.00370927417927,721,0,1,"Nterr.f[2,3,20]"
27.61785,11.42934718726,10,19,26,34,54,1.00403949668245,699,0,1,"Nterr.f[3,3,20]"
29.51715,11.9933815876736,11,21,28,36,57,1.00398024778793,678,0,1,"Nterr.f[4,3,20]"
40.07295,17.0172315007964,14,28,38,50,80,1.00441888219472,638,0,1,"Nterr.f[1,4,20]"
35.716025,14.6595687444505,13,25,34,44,70,1.00381934631525,733,0,1,"Nterr.f[2,4,20]"
38.060275,15.3332716552883,15,27,36,47,74,1.00370121053871,726,0,1,"Nterr.f[3,4,20]"
40.392875,16.0044440012788,16,29,38,49,78,1.00469396256059,588,0,1,"Nterr.f[4,4,20]"
56.087775,23.4149487944145,21,39,53,69,111,1.00485275862185,586,0,1,"Nterr.f[1,5,20]"
49.54035,19.9888646687417,19,35,47,61,97,1.00379819242328,737,0,1,"Nterr.f[2,5,20]"
52.466775,20.6703586735346,21,38,50,64,101,1.00354523643203,775,0,1,"Nterr.f[3,5,20]"
55.244925,21.4341496755454,22,40,52,67,106,1.00406864039077,677,0,1,"Nterr.f[4,5,20]"
78.2089,32.0441146144192,30,55,73,96,154,1.00468222943036,629,0,1,"Nterr.f[1,6,20]"
68.29655,26.9618736675197,27,49,64,83.25,132,1.00368146069728,743,0,1,"Nterr.f[2,6,20]"
71.97225,28.0023576371407,29,52,68,88,138,1.00425500050996,661,0,1,"Nterr.f[3,6,20]"
75.6178,28.9413020290048,31,55,72,92,143,1.00456408584297,625,0,1,"Nterr.f[4,6,20]"
108.64395,44.0810572342324,43,77,102,133,212,1.00453671539426,634,0,1,"Nterr.f[1,7,20]"
94.169625,36.8053273068224,38,68,89,115,181,1.00363878165148,775,0,1,"Nterr.f[2,7,20]"
98.661575,38.0419534629198,41,71,93,120,188,1.00398291630685,705,0,1,"Nterr.f[3,7,20]"
103.0939,39.4312896499098,43,75,97,125,196,1.00445276498182,636,0,1,"Nterr.f[4,7,20]"
13.447325,6.66860458428542,3,9,12,17,29,1.00448180570894,670,0,1,"Nterr.f[1,1,21]"
12.506125,5.96888625913196,3,8,12,16,27,1.00393411920068,712,0,1,"Nterr.f[2,1,21]"
13.82605,6.340610891796,4,9,13,17,29,1.00384817261497,735,0,1,"Nterr.f[3,1,21]"
15.097225,6.76043747750448,5,10,14,19,31,1.0043618475116,611,0,1,"Nterr.f[4,1,21]"
19.315125,9.15686995872831,6,13,18,24,41,1.00449085485726,643,0,1,"Nterr.f[1,2,21]"
17.621925,8.01545946806152,5,12,16,22,36,1.00342903312545,790,0,1,"Nterr.f[2,2,21]"
19.2169,8.49321539569638,6,13,18,24,39,1.00387477380054,728,0,1,"Nterr.f[3,2,21]"
20.817925,8.97447698895627,7,14,20,26,42,1.00436155311521,627,0,1,"Nterr.f[4,2,21]"
27.7004,12.7211491434889,9,19,26,35,58,1.00493072174961,587,0,1,"Nterr.f[1,3,21]"
24.881725,10.9196321816969,8,17,23,31,51,1.00381156565505,712,0,1,"Nterr.f[2,3,21]"
26.794575,11.4745748163518,9,18,25,33,54,1.00406022796031,687,0,1,"Nterr.f[3,3,21]"
28.762675,12.0448361880245,10,20,27,36,57,1.00399054372518,677,0,1,"Nterr.f[4,3,21]"
39.466775,17.4450366675448,13,27,37,49,81,1.00454495893029,629,0,1,"Nterr.f[1,4,21]"
34.9373,14.8931616477696,12,24,33,43,70,1.00384714346286,730,0,1,"Nterr.f[2,4,21]"
37.397,15.6205582821494,14,26,35,46,74,1.0038433939502,708,0,1,"Nterr.f[3,4,21]"
39.83815,16.3252141607066,15,28,38,49,78,1.00473076223665,580,0,1,"Nterr.f[4,4,21]"
56.09865,24.4366844511725,20,38,52,70,114,1.0049615456578,583,0,1,"Nterr.f[1,5,21]"
49.154,20.6293728279747,18,34,46,61,98,1.00364185265725,773,0,1,"Nterr.f[2,5,21]"
52.2339,21.378042854946,20,37,49,64,103,1.00375679816327,732,0,1,"Nterr.f[3,5,21]"
55.1726,22.2077630313922,21,39,52,67,108,1.00412453180851,667,0,1,"Nterr.f[4,5,21]"
79.5469,34.0645447675476,29,55,74,98,161,1.00478854100657,621,0,1,"Nterr.f[1,6,21]"
68.7525,28.2990603142643,26,48,64,84,136,1.0037593225688,732,0,1,"Nterr.f[2,6,21]"
72.6727,29.4123503288805,28,51,68,89,142,1.00419569774799,675,0,1,"Nterr.f[3,6,21]"
76.542075,30.478195529008,30,55,72,93,149,1.00465356094677,619,0,1,"Nterr.f[4,6,21]"
112.2878,47.6504006822307,42,78,105,138,225,1.00454518521316,639,0,1,"Nterr.f[1,7,21]"
96.293475,39.2759673651036,38,68,90,118,190,1.0036848079995,774,0,1,"Nterr.f[2,7,21]"
101.10175,40.677667875065,40,72,95,123,197,1.00401223651458,706,0,1,"Nterr.f[3,7,21]"
105.84035,42.1890437170925,43,75,99,129,205,1.00442982872493,641,0,1,"Nterr.f[4,7,21]"
12.6862,6.52027932001845,3,8,12,16,28,1.00442853075698,669,0,1,"Nterr.f[1,1,22]"
11.8237,5.8079223143083,3,8,11,15,25,1.00403489502835,702,0,1,"Nterr.f[2,1,22]"
13.16405,6.21606415538318,4,9,12,17,28,1.00386886698955,746,0,1,"Nterr.f[3,1,22]"
14.472225,6.65431706095852,4,10,14,18,30,1.00452852949877,595,0,1,"Nterr.f[4,1,22]"
18.4846,9.07570228959177,5,12,17,23,40,1.0046279262675,619,0,1,"Nterr.f[1,2,22]"
16.836725,7.90332701074813,5,11,16,21,36,1.00349300711423,785,0,1,"Nterr.f[2,2,22]"
18.472925,8.40798931383018,6,12,17,23,38,1.00384008898105,739,0,1,"Nterr.f[3,2,22]"
20.111625,8.91442659594061,7,14,19,25,41,1.00440503761997,618,0,1,"Nterr.f[4,2,22]"
26.88545,12.8122473492964,8,18,25,34,57,1.0049374589763,593,0,1,"Nterr.f[1,3,22]"
24.0366,10.898999043238,8,16,22,30,50,1.00394084765568,693,0,1,"Nterr.f[2,3,22]"
26.0233,11.4720964664238,9,18,24,32,53,1.00429187458222,665,0,1,"Nterr.f[3,3,22]"
28.06795,12.1015781616428,10,19,26,35,56,1.00401672111756,675,0,1,"Nterr.f[4,3,22]"
38.917125,17.9004292509582,13,26,36,49,81,1.00494953339583,589,0,1,"Nterr.f[1,4,22]"
34.196025,15.1029567198584,12,23,32,43,70,1.00385608388254,731,0,1,"Nterr.f[2,4,22]"
36.772575,15.8830368519646,13,25,34,45,75,1.00385857881381,713,0,1,"Nterr.f[3,4,22]"
39.319225,16.6473601139744,14,27,37,49,79,1.00460906029432,602,0,1,"Nterr.f[4,4,22]"
56.1703,25.4515489203223,19,38,52,70,117,1.00501551255247,580,0,1,"Nterr.f[1,5,22]"
48.78265,21.2317010294916,17,34,45,60,99,1.0037056154532,765,0,1,"Nterr.f[2,5,22]"
52.038575,22.0503807779296,19,36,49,64,104,1.00390238990159,714,0,1,"Nterr.f[3,5,22]"
55.145475,22.9842482782469,21,39,52,68,110,1.00425733358986,654,0,1,"Nterr.f[4,5,22]"
80.911275,36.1362906046241,28,55,75,100,168,1.00489763027883,617,0,1,"Nterr.f[1,6,22]"
69.25385,29.6675212011866,25,48,65,85,140,1.00374931846052,741,0,1,"Nterr.f[2,6,22]"
73.404275,30.8686128374088,28,51,68,90,147,1.00412642161766,684,0,1,"Nterr.f[3,6,22]"
77.4898,32.084323758742,30,54,73,95,154,1.00480012581953,604,0,1,"Nterr.f[4,6,22]"
116.10445,51.4800514285862,42,79,107,143,240,1.00460478427528,641,0,1,"Nterr.f[1,7,22]"
98.461175,41.8551692028488,37,68,91.5,121,199,1.00377914424227,761,0,1,"Nterr.f[2,7,22]"
103.611475,43.4169344735364,40,72,97,127,207,1.00396447279385,719,0,1,"Nterr.f[3,7,22]"
108.682175,45.0762593722943,42,76,102,133,216,1.00439218751739,653,0,1,"Nterr.f[4,7,22]"
11.990225,6.36221984808839,3,7,11,15,27,1.00422668117243,709,0,1,"Nterr.f[1,1,23]"
11.222525,5.6549321022274,3,7,10,14,25,1.00412058750361,685,0,1,"Nterr.f[2,1,23]"
12.578575,6.08472280105381,3,8,12,16,27,1.00359287976638,806,0,1,"Nterr.f[3,1,23]"
13.898125,6.53997444689344,4,9,13,18,29,1.00480989311464,563,0,1,"Nterr.f[4,1,23]"
17.699175,8.99295842044785,5,11,16,22,39,1.00475080221118,601,0,1,"Nterr.f[1,2,23]"
16.105725,7.76873258997414,5,11,15,20,35,1.00382235756957,737,0,1,"Nterr.f[2,2,23]"
17.78685,8.30625619185913,5,12,17,22,37,1.00392171837966,725,0,1,"Nterr.f[3,2,23]"
19.456575,8.82603884783081,6,13,18,24,40,1.00449850397312,616,0,1,"Nterr.f[4,2,23]"
26.112975,12.9038046464496,8,17,24,33,57,1.00491760395577,598,0,1,"Nterr.f[1,3,23]"
23.239725,10.8814689763631,7,15,22,29,49,1.00421030522119,661,0,1,"Nterr.f[2,3,23]"
25.3293,11.4989159113665,8,17,24,32,52,1.00428011364688,671,0,1,"Nterr.f[3,3,23]"
27.42975,12.1882721821827,9,19,26,34,56,1.00405399409127,667,0,1,"Nterr.f[4,3,23]"
38.360525,18.3251450744032,12,25,35,48,82,1.00502966224711,583,0,1,"Nterr.f[1,4,23]"
33.4944,15.3093134404176,11,22,31,42,70,1.0042518897835,681,0,1,"Nterr.f[2,4,23]"
36.181425,16.1524094944899,12,25,34,45,75,1.00378137969052,732,0,1,"Nterr.f[3,4,23]"
38.838225,16.9391226808328,14,27,36,48,79,1.00469686555393,594,0,1,"Nterr.f[4,4,23]"
56.24795,26.5312008475485,18,37,52,70,120,1.00504514084837,581,0,1,"Nterr.f[1,5,23]"
48.437175,21.8423815153049,17,33,45,60,101,1.00377627005771,755,0,1,"Nterr.f[2,5,23]"
51.85945,22.7294734083642,18,35,48,64,106,1.004018727059,699,0,1,"Nterr.f[3,5,23]"
55.101875,23.732972376713,20,38,51,68,112,1.00438432156253,643,0,1,"Nterr.f[4,5,23]"
82.3253,38.3200768607954,28,55,76,102,175.025000000001,1.00496129449027,614,0,1,"Nterr.f[1,6,23]"
69.789475,31.0490258345493,25,47,65,86,145,1.00371693500658,758,0,1,"Nterr.f[2,6,23]"
74.1404,32.341446892025,27,51,69,91,152,1.00408542137653,700,0,1,"Nterr.f[3,6,23]"
78.449775,33.6977560961932,29,54,73,96,159,1.00470583374358,623,0,1,"Nterr.f[4,6,23]"
120.059525,55.5316407631948,41,80,110,149,254,1.00472064581197,631,0,1,"Nterr.f[1,7,23]"
100.714325,44.5606486272308,36,69,93,124,208,1.00383429259942,759,0,1,"Nterr.f[2,7,23]"
106.1975,46.259345455011,39,73,99,131,218,1.00394381781447,723,0,1,"Nterr.f[3,7,23]"
111.58925,48.0549052260579,42,77,103,137,227,1.00438841842508,659,0,1,"Nterr.f[4,7,23]"
11.366875,6.22306563504053,2,7,10,15,26,1.00480605574357,633,0,1,"Nterr.f[1,1,24]"
10.659125,5.50432436126741,2,7,10,14,24,1.00446353311318,651,0,1,"Nterr.f[2,1,24]"
12.049875,5.96695714739221,3,8,11,15,26,1.00372968169241,764,0,1,"Nterr.f[3,1,24]"
13.3862,6.42292230283636,4,9,12,17,29,1.00463148934631,584,0,1,"Nterr.f[4,1,24]"
16.951725,8.90832355048283,4,11,15,22,39,1.00457968665334,624,0,1,"Nterr.f[1,2,24]"
15.425225,7.63911759317233,4,10,14,20,34,1.0042636269538,683,0,1,"Nterr.f[2,2,24]"
17.172525,8.23075049772005,5,11,16,22,37,1.00419956592677,691,0,1,"Nterr.f[3,2,24]"
18.85735,8.74661154721295,6,13,18,24,39,1.00450708748635,612,0,1,"Nterr.f[4,2,24]"
25.380225,12.9699309723341,7,16,23,32,57,1.00488759761938,609,0,1,"Nterr.f[1,3,24]"
22.492425,10.8235008811224,7,15,21,28,49,1.00415442238025,675,0,1,"Nterr.f[2,3,24]"
24.654725,11.4968393311919,8,16,23,31,52,1.00456095461273,633,0,1,"Nterr.f[3,3,24]"
26.8337,12.2215436203129,9,18,25,33,56,1.00426007776782,640,0,1,"Nterr.f[4,3,24]"
37.82745,18.7115653958852,11,24,35,48,83,1.00508290265659,590,0,1,"Nterr.f[1,4,24]"
32.844175,15.4944101368207,10,22,30,41,70,1.00420906056082,685,0,1,"Nterr.f[2,4,24]"
35.624475,16.3945471271323,12,24,33,44,75,1.00380830969206,738,0,1,"Nterr.f[3,4,24]"
38.371025,17.2325444860622,13,26,36,48,80,1.00482859965755,585,0,1,"Nterr.f[4,4,24]"
56.342175,27.5866737190903,17,36,51,71,123,1.00513590080547,578,0,1,"Nterr.f[1,5,24]"
48.13835,22.4429009125945,16,32,44,60,102,1.00385536156646,748,0,1,"Nterr.f[2,5,24]"
51.687725,23.3924226932646,18,35,48,64,108,1.00402911878297,707,0,1,"Nterr.f[3,5,24]"
55.098425,24.5055942719849,19,38,51,68,114,1.00437721438613,646,0,1,"Nterr.f[4,5,24]"
83.766075,40.5576728525572,27,55,76,105,183,1.0048645760117,630,0,1,"Nterr.f[1,6,24]"
70.332225,32.454285288159,24,47,65,87,148,1.00381624696729,746,0,1,"Nterr.f[2,6,24]"
74.902125,33.8710470266279,26,51,69,93,157,1.00416777978272,694,0,1,"Nterr.f[3,6,24]"
79.450725,35.3373384702588,28,54,73,98,165,1.00474668890463,627,0,1,"Nterr.f[4,6,24]"
124.1615,59.8406871655566,41,81,113,155,271,1.00475470652088,634,0,1,"Nterr.f[1,7,24]"
103.016925,47.40703770776,36,69,95,128,218,1.00388428871259,759,0,1,"Nterr.f[2,7,24]"
108.81275,49.2445856228665,39,73,100,135,229,1.00406548616745,709,0,1,"Nterr.f[3,7,24]"
114.58935,51.213755357286,42,78,106,142,239,1.00438571745897,663,0,1,"Nterr.f[4,7,24]"
10.7765,6.06122233632831,2,6,10,14,25,1.00508380727856,607,0,1,"Nterr.f[1,1,25]"
10.153875,5.36044455651965,2,6,9,13,23,1.00383336545806,777,0,1,"Nterr.f[2,1,25]"
11.56885,5.84118247128238,3,7,11,15,26,1.00407370952181,711,0,1,"Nterr.f[3,1,25]"
12.9273,6.29841301124033,3,8,12,16,28,1.00485368556007,562,0,1,"Nterr.f[4,1,25]"
16.2842,8.83728933565435,4,10,15,21,38,1.00467639067392,619,0,1,"Nterr.f[1,2,25]"
14.825175,7.53148918226718,4,9,14,19,33,1.00434243519792,669,0,1,"Nterr.f[2,2,25]"
16.5979,8.1438150539591,5,11,15,21,36,1.00452051335217,652,0,1,"Nterr.f[3,2,25]"
18.31785,8.65472668458396,5,12,17,23,39,1.00479281888546,584,0,1,"Nterr.f[4,2,25]"
24.680875,13.0228903906248,6,15,22,31,56,1.00478761752437,623,0,1,"Nterr.f[1,3,25]"
21.8092,10.7820151945864,6,14,20,28,48,1.00432491840815,645,0,1,"Nterr.f[2,3,25]"
24.01935,11.4904450016376,7,16,22,30,52,1.00475496104452,616,0,1,"Nterr.f[3,3,25]"
26.26765,12.2832909050623,8,17,24,33,56,1.00444469875787,617,0,1,"Nterr.f[4,3,25]"
37.345975,19.1121115557538,11,24,34,48,84,1.00521831786238,586,0,1,"Nterr.f[1,4,25]"
32.218475,15.6559101096809,10,21,29,41,70,1.00425477520483,697,0,1,"Nterr.f[2,4,25]"
35.10535,16.6245394149814,11,23,32,44,76,1.0038274484757,745,0,1,"Nterr.f[3,4,25]"
37.903075,17.4951273939757,12,25,35,47,80,1.00486104115985,587,0,1,"Nterr.f[4,4,25]"
56.437925,28.6496145995857,17,36,51,71,127,1.00531348087262,564,0,1,"Nterr.f[1,5,25]"
47.831425,23.0702029320498,15,31,44,60,104,1.00386485827272,748,0,1,"Nterr.f[2,5,25]"
51.5251,24.0639418388264,17,34,47,64,110,1.00404079680008,709,0,1,"Nterr.f[3,5,25]"
55.081075,25.250266161823,19,37,51,68,116,1.00441018674664,647,0,1,"Nterr.f[4,5,25]"
85.272925,42.903318686475,26,54,77,107,191,1.0048876286975,634,0,1,"Nterr.f[1,6,25]"
70.864825,33.8824357625851,23,47,65,88,153,1.00389689825967,743,0,1,"Nterr.f[2,6,25]"
75.639275,35.4089472776734,26,50,69,94,162,1.0041947251837,696,0,1,"Nterr.f[3,6,25]"
80.438475,37.0429941994415,28,54,74,100,170,1.00477830173842,626,0,1,"Nterr.f[4,6,25]"
128.424425,64.4181141508749,40,82,116,161,287,1.00480227730725,633,0,1,"Nterr.f[1,7,25]"
105.36125,50.3461276241944,35,69,96,131,228,1.00386428671787,763,0,1,"Nterr.f[2,7,25]"
111.540325,52.328405579046,38,74,102,138,240,1.00405893226478,720,0,1,"Nterr.f[3,7,25]"
117.62095,54.4770866045682,41,78.75,108,146,251,1.0044031562064,665,0,1,"Nterr.f[4,7,25]"
10.252425,5.92300039403314,2,6,9,13,25,1.00501510338524,631,0,1,"Nterr.f[1,1,26]"
9.7043,5.22784800562041,2,6,9,13,22,1.00390134620686,762,0,1,"Nterr.f[2,1,26]"
11.1505,5.73801558646992,3,7,10,14,25,1.00407291710231,715,0,1,"Nterr.f[3,1,26]"
12.530175,6.1950907134681,3,8,12,16,27,1.00471294299795,584,0,1,"Nterr.f[4,1,26]"
15.650775,8.73123546591168,4,9,14,20,37,1.00466191372561,630,0,1,"Nterr.f[1,2,26]"
14.276125,7.45155139047085,4,9,13,18,32,1.00434229759199,671,0,1,"Nterr.f[2,2,26]"
16.078475,8.04295865362819,4,10,15,20,35,1.004534301747,653,0,1,"Nterr.f[3,2,26]"
17.819925,8.57740854179205,5,12,16,23,38,1.00499793254282,555,0,1,"Nterr.f[4,2,26]"
24.027725,13.0677360498103,6,15,22,31,56,1.00480670655233,627,0,1,"Nterr.f[1,3,26]"
21.151625,10.7450440324205,6,13,19,27,47,1.00447102041489,632,0,1,"Nterr.f[2,3,26]"
23.42725,11.4758049735082,7,15,22,29,51,1.00471156674983,622,0,1,"Nterr.f[3,3,26]"
25.75275,12.2666388712732,8,17,24,32,55,1.00471400341191,587,0,1,"Nterr.f[4,3,26]"
36.895275,19.4899500801882,10,23,33,47,84,1.00511368338718,603,0,1,"Nterr.f[1,4,26]"
31.6253,15.7886741674467,9,20,29,40,70,1.00437404381833,683,0,1,"Nterr.f[2,4,26]"
34.621325,16.8298740744222,11,23,32,43,76,1.00403579700155,707,0,1,"Nterr.f[3,4,26]"
37.48695,17.7441145464496,12,25,34,47,80,1.00489362639771,587,0,1,"Nterr.f[4,4,26]"
56.573625,29.7252387560614,16,35,51,71,130,1.0053412015115,568,0,1,"Nterr.f[1,5,26]"
47.56515,23.6692746264336,15,31,43,60,105,1.003768913087,771,0,1,"Nterr.f[2,5,26]"
51.3666,24.7263116780936,16,34,47,64,112,1.00404710303225,715,0,1,"Nterr.f[3,5,26]"
55.075675,25.9751682579445,18,36.75,50,68,119,1.00439270011829,647,0,1,"Nterr.f[4,5,26]"
86.7816,45.3026479324083,25,54,78,109,198.025000000001,1.00499772797352,632,0,1,"Nterr.f[1,6,26]"
71.438725,35.3326358378944,22,46,65,89,158,1.00390383014411,754,0,1,"Nterr.f[2,6,26]"
76.431325,37.0004163424496,25,50,70,95,167,1.00426069216064,689,0,1,"Nterr.f[3,6,26]"
81.468775,38.7015506181585,27,54,74,101,176,1.00476805837748,630,0,1,"Nterr.f[4,6,26]"
132.85395,69.2314072086586,40,84,119,167,304,1.00495425528927,623,0,1,"Nterr.f[1,7,26]"
107.78245,53.4208233426504,34,70,97,135,239,1.00387338268684,773,0,1,"Nterr.f[2,7,26]"
114.311775,55.5631685830816,38,74,104,142,252,1.00402188563407,730,0,1,"Nterr.f[3,7,26]"
120.759725,57.8932796939353,41,79,110,150,264,1.004406280801,674,0,1,"Nterr.f[4,7,26]"
9.77785,5.78173720343871,2,6,9,13,24,1.00525834684715,609,0,1,"Nterr.f[1,1,27]"
9.30015,5.10404361844915,2,6,8,12,22,1.00438080189785,670,0,1,"Nterr.f[2,1,27]"
10.77275,5.61341208155788,3,7,10,14,24,1.00410753222435,710,0,1,"Nterr.f[3,1,27]"
12.1757,6.09333305570057,3,8,11,15,27,1.00490850696867,558,0,1,"Nterr.f[4,1,27]"
15.0595,8.61551016628648,3,9,13,19,36,1.00480573603706,626,0,1,"Nterr.f[1,2,27]"
13.7455,7.30695658536189,3,9,12,18,31,1.00467084356345,628,0,1,"Nterr.f[2,2,27]"
15.600125,7.94084072426593,4,10,14,20,35,1.00449137334693,643,0,1,"Nterr.f[3,2,27]"
17.371075,8.49065254405635,5,11,16,22,38,1.00513791806181,555,0,1,"Nterr.f[4,2,27]"
23.406125,13.0969586447587,6,14,21,30,56,1.00487329974339,624,0,1,"Nterr.f[1,3,27]"
20.564875,10.6852676900495,5,13,19,26,47,1.00452057562348,628,0,1,"Nterr.f[2,3,27]"
22.883675,11.4677496147416,7,15,21,29,51,1.00492276945014,600,0,1,"Nterr.f[3,3,27]"
25.267375,12.2748381822607,8,16,23,32,55,1.00484935594063,575,0,1,"Nterr.f[4,3,27]"
36.461025,19.8919336208161,9,22,33,47,85.0250000000015,1.0052551032628,591,0,1,"Nterr.f[1,4,27]"
31.054775,15.9311995711989,9,20,28,39,70,1.00448267848566,667,0,1,"Nterr.f[2,4,27]"
34.126375,17.0134444129237,10,22,31,43,76,1.00416492476672,694,0,1,"Nterr.f[3,4,27]"
37.0856,17.9949650766319,12,24,34,46,81,1.00490547898529,591,0,1,"Nterr.f[4,4,27]"
56.7114,30.8321776009965,15,35,51,72,133,1.00540383719125,571,0,1,"Nterr.f[1,5,27]"
47.29405,24.2430439039107,14,30,43,59,107,1.00382244734376,770,0,1,"Nterr.f[2,5,27]"
51.2362,25.3869557449894,16,33,47,64,113,1.00402580326511,723,0,1,"Nterr.f[3,5,27]"
55.096675,26.759195247758,18,36,50,69,121,1.0044221780975,646,0,1,"Nterr.f[4,5,27]"
88.36665,47.8136760923905,25,54,79,112,208,1.00508896026086,629,0,1,"Nterr.f[1,6,27]"
72.01355,36.781961465027,22,46,65,90,163,1.00395141362876,752,0,1,"Nterr.f[2,6,27]"
77.247825,38.6064725047803,24,50,70,96,172,1.00420905808098,708,0,1,"Nterr.f[3,6,27]"
82.516875,40.4207151234321,27,54,75,103,182,1.00485005380558,624,0,1,"Nterr.f[4,6,27]"
137.4382,74.3218882586877,40,85,122,173,323,1.00500980705438,623,0,1,"Nterr.f[1,7,27]"
110.2928,56.5917801796303,34,70,99,138,250,1.00388141598859,785,0,1,"Nterr.f[2,7,27]"
117.14995,58.9453567202241,37,75,106,146,264,1.00405366905291,735,0,1,"Nterr.f[3,7,27]"
123.967925,61.4865441464403,40,80,112,155,277,1.00441501334497,681,0,1,"Nterr.f[4,7,27]"
9.342425,5.63785107585273,2,5,8,12,23,1.00516260173916,609,0,1,"Nterr.f[1,1,28]"
8.9321,4.98860318566667,2,5,8,12,21,1.00443540479985,674,0,1,"Nterr.f[2,1,28]"
10.418575,5.48746961517277,2,6,10,13,24,1.00398910973704,735,0,1,"Nterr.f[3,1,28]"
11.839375,5.99540851255824,3,8,11,15,26,1.00489017169582,559,0,1,"Nterr.f[4,1,28]"
14.507575,8.50483691352445,3,8,13,19,35,1.00505366569878,607,0,1,"Nterr.f[1,2,28]"
13.275775,7.18438678905259,3,8,12,17,31,1.00473263949989,622,0,1,"Nterr.f[2,2,28]"
15.152175,7.83806759679746,4,10,14,19,34,1.00468271026774,636,0,1,"Nterr.f[3,2,28]"
16.95195,8.41071398278663,5,11,16,21,37,1.00502756723205,571,0,1,"Nterr.f[4,2,28]"
22.835325,13.1622922886871,5,13,20,29,56,1.00475269197219,639,0,1,"Nterr.f[1,3,28]"
20.00425,10.6150411640734,5,12,18,25,46,1.00448308143339,649,0,1,"Nterr.f[2,3,28]"
22.365725,11.4301656349126,6,14,20,28,50,1.00499427387051,606,0,1,"Nterr.f[3,3,28]"
24.8216,12.2765850831383,7,16,23,31,55,1.00538975691336,520,0,1,"Nterr.f[4,3,28]"
36.036875,20.2505115321764,9,22,32,46,87,1.00529949676199,593,0,1,"Nterr.f[1,4,28]"
30.51205,16.0629871221508,8,19,27,39,70,1.00460327009378,657,0,1,"Nterr.f[2,4,28]"
33.68155,17.2342207557124,10,21,30,42,76,1.00422318863066,696,0,1,"Nterr.f[3,4,28]"
36.7378,18.2469730355647,11,24,33,46,82,1.00500811741866,585,0,1,"Nterr.f[4,4,28]"
56.865225,31.9396753939514,15,34,50,72,137,1.00535941639775,580,0,1,"Nterr.f[1,5,28]"
47.0398,24.8126844112581,13,29,42,59,109,1.00388412729239,758,0,1,"Nterr.f[2,5,28]"
51.109975,26.0523328821161,15,33,46,64,115,1.0040935216966,725,0,1,"Nterr.f[3,5,28]"
55.12645,27.4902419638784,17,36,50,69,124,1.00460754981633,630,0,1,"Nterr.f[4,5,28]"
89.988175,50.4206201979201,24,54,79,114,217,1.00527061998291,621,0,1,"Nterr.f[1,6,28]"
72.6025,38.2812771489472,21,45,65,91,168,1.00394392362044,764,0,1,"Nterr.f[2,6,28]"
78.056025,40.2255794070184,24,49,70,98,178,1.00415731576823,721,0,1,"Nterr.f[3,6,28]"
83.567225,42.1853039670943,26,54,75,105,189,1.00484434071188,638,0,1,"Nterr.f[4,6,28]"
142.2428,79.7394429227402,39,86,125,180,343,1.00508165149775,623,0,1,"Nterr.f[1,7,28]"
112.846025,59.8983698615177,34,70,100,142,262,1.00388537718508,795,0,1,"Nterr.f[2,7,28]"
120.0649,62.446155814825,37,76,107,150,276,1.00409907211077,735,0,1,"Nterr.f[3,7,28]"
127.2377,65.1995262495486,40,81,114,159,290,1.00445667690498,680,0,1,"Nterr.f[4,7,28]"
8.9372,5.50903030445217,1,5,8,12,22,1.00529569638125,597,0,1,"Nterr.f[1,1,29]"
8.588225,4.85269564940474,2,5,8,11,20,1.00446568756691,657,0,1,"Nterr.f[2,1,29]"
10.096225,5.40078651325425,2,6,9,13,23,1.00408777246175,723,0,1,"Nterr.f[3,1,29]"
11.5379,5.8942414390703,3,7,11,15,26,1.00520612765004,534,0,1,"Nterr.f[4,1,29]"
14.006675,8.41178931020981,3,8,12,18,35,1.00501287875435,610,0,1,"Nterr.f[1,2,29]"
12.831275,7.07827376013111,3,8,12,16,30,1.00453624407621,656,0,1,"Nterr.f[2,2,29]"
14.7259,7.74144479016585,4,9,13,19,33,1.00480111215179,621,0,1,"Nterr.f[3,2,29]"
16.561775,8.3369071873154,5,11,15,21,37,1.00518948523614,552,0,1,"Nterr.f[4,2,29]"
22.271125,13.2125028094656,5,13,20,29,55,1.00481505788388,643,0,1,"Nterr.f[1,3,29]"
19.485225,10.567971600547,5,12,17,25,46,1.00435774083224,672,0,1,"Nterr.f[2,3,29]"
21.91995,11.4088494618717,6,14,20,28,50,1.00509410213551,594,0,1,"Nterr.f[3,3,29]"
24.385225,12.2637774239951,7,16,22,31,54,1.0051810064028,535,0,1,"Nterr.f[4,3,29]"
35.615425,20.6211701386178,8,21,31,46,87,1.00553455155439,574,0,1,"Nterr.f[1,4,29]"
30.005125,16.200656167757,8,18,27,38,70,1.00475554498756,639,0,1,"Nterr.f[2,4,29]"
33.23745,17.4121336158848,9,21,30,42,77,1.00430204869343,688,0,1,"Nterr.f[3,4,29]"
36.398925,18.4583274321013,11,23,33,46,82,1.00517653801191,573,0,1,"Nterr.f[4,4,29]"
57.046975,33.106822104985,14,33,50,72,141,1.00528359263121,592,0,1,"Nterr.f[1,5,29]"
46.801925,25.3937790097237,13,29,42,59,110,1.00394920424574,756,0,1,"Nterr.f[2,5,29]"
50.9953,26.6973453102769,15,32,46,64,117,1.0041094712193,727,0,1,"Nterr.f[3,5,29]"
55.1641,28.2459106239589,17,35,50,69,126,1.00470235808841,621,0,1,"Nterr.f[4,5,29]"
91.682075,53.138300600124,24,54,80,116,225.025000000001,1.0053930445514,616,0,1,"Nterr.f[1,6,29]"
73.1984,39.8052747627431,21,45,65,92,173,1.0039287906554,772,0,1,"Nterr.f[2,6,29]"
78.887075,41.8499343890714,23,49,70,99,183,1.00414719408203,731,0,1,"Nterr.f[3,6,29]"
84.623525,43.9528171773758,26,54,76,106,195,1.0048471702196,644,0,1,"Nterr.f[4,6,29]"
147.204975,85.457246233264,39,87,129,187,363,1.00522047520824,616,0,1,"Nterr.f[1,7,29]"
115.4673,63.3503015953974,33,71,102,145,275,1.00389447739785,800,0,1,"Nterr.f[2,7,29]"
123.0596,66.136427167749,37,76,109,155,290,1.00411404957186,744,0,1,"Nterr.f[3,7,29]"
130.5815,69.0998330491701,40,81,116,164,304,1.00443484261531,690,0,1,"Nterr.f[4,7,29]"
8.583125,5.39770030787097,1,5,8,11,22,1.00521557166237,615,0,1,"Nterr.f[1,1,30]"
8.2974,4.74485153407375,1,5,7,11,20,1.00463433290455,646,0,1,"Nterr.f[2,1,30]"
9.7945,5.30135570956232,2,6,9,13,22,1.00409548909253,706,0,1,"Nterr.f[3,1,30]"
11.248175,5.7979370961782,3,7,10,14,25,1.00547245064951,519,0,1,"Nterr.f[4,1,30]"
13.521925,8.31775203521649,3,8,12,18,34,1.00515136550535,600,0,1,"Nterr.f[1,2,30]"
12.421275,6.95397090281214,3,7,11,16,30,1.00464502157274,649,0,1,"Nterr.f[2,2,30]"
14.341025,7.64248566495571,4,9,13,18,33,1.00475147687477,620,0,1,"Nterr.f[3,2,30]"
16.211675,8.2628097851163,4,10,15,20,36,1.00510760518761,560,0,1,"Nterr.f[4,2,30]"
21.75565,13.2308642753124,5,12,19,28,55,1.00508081251384,611,0,1,"Nterr.f[1,3,30]"
18.994775,10.5119674769227,5,12,17,24,45,1.00445407727254,670,0,1,"Nterr.f[2,3,30]"
21.468025,11.3907054787514,6,13,19,27,49,1.00545152669821,554,0,1,"Nterr.f[3,3,30]"
23.99065,12.2783521502597,7,15,22,30,54,1.0052775762822,529,0,1,"Nterr.f[4,3,30]"
35.209425,20.957370933738,8,20,31,45,88,1.005454648863,587,0,1,"Nterr.f[1,4,30]"
29.51735,16.3095707800658,8,18,26,38,70,1.00484270835934,639,0,1,"Nterr.f[2,4,30]"
32.82725,17.5866253065289,9,20,29,41,77,1.00433996407294,684,0,1,"Nterr.f[3,4,30]"
36.071075,18.6493436424672,11,23,33,45,82,1.00521547444621,569,0,1,"Nterr.f[4,4,30]"
57.238475,34.2592994260581,14,33,50,73,144,1.00540847725941,591,0,1,"Nterr.f[1,5,30]"
46.609475,25.9422462448393,13,28,41,59,112,1.00402256637759,758,0,1,"Nterr.f[2,5,30]"
50.922175,27.352378728091,14,32,45,64,119,1.0042115223499,708,0,1,"Nterr.f[3,5,30]"
55.213725,28.990921138558,17,35,49,69,129,1.00478666577266,621,0,1,"Nterr.f[4,5,30]"
93.411425,55.9637807254675,23,54,81,119,235,1.00543243907328,624,0,1,"Nterr.f[1,6,30]"
73.874825,41.3910671127273,20,45,65,93,178,1.00402122674454,761,0,1,"Nterr.f[2,6,30]"
79.749125,43.537539258294,23,49,71,100,190,1.00420335425076,730,0,1,"Nterr.f[3,6,30]"
85.707725,45.7663682668396,25,53,76,108,202,1.00487819401919,647,0,1,"Nterr.f[4,6,30]"
152.39585,91.6109876985516,38,88,132,193,385,1.00521848702361,624,0,1,"Nterr.f[1,7,30]"
118.1128,66.9228454478818,33,71,103,149,288,1.00393319464,798,0,1,"Nterr.f[2,7,30]"
126.125925,69.9561753139492,36,76,111,159,304,1.00417359599191,740,0,1,"Nterr.f[3,7,30]"
134.016975,73.1578573268216,39,82,118,168,319,1.00448379398084,693,0,1,"Nterr.f[4,7,30]"
5755.55403838975,47.5222273486764,5660.30114334575,5722.70245484596,5758.61680687688,5789.47668099001,5841.57841120773,1.00900568167431,282,0,1,"deviance"
