parm,median,lcl,ucl,capt.index,surv.index,n.rel,n.years,surv.inc,lag.time
"fut.lambda[2,16]",0.98249621699238,0.958472921994813,1.00358782231321,2,16,0,20,none,10
"fut.lambda[1,16]",0.982623853675589,0.96016828129161,1.00294092648386,1,16,0,10,none,10
"fut.lambda[2,18]",0.982635765580295,0.960165198347878,1.00339003623174,2,18,0,20,none,5
"fut.lambda[1,18]",0.982725771518473,0.958184836553649,1.00413571189093,1,18,0,10,none,5
"fut.lambda[1,17]",0.982810122482511,0.958027268232374,1.00256099589544,1,17,0,10,none,15
"fut.lambda[3,16]",0.982824764362516,0.959038668577298,1.00308127899614,3,16,0,30,none,10
"fut.lambda[3,17]",0.983001247229107,0.958906937946549,1.00451111629409,3,17,0,30,none,15
"fut.lambda[2,17]",0.983037826212825,0.95945170419195,1.00367607718874,2,17,0,20,none,15
"fut.lambda[3,18]",0.983366019125782,0.959026603276905,1.00388822670193,3,18,0,30,none,5
"fut.lambda[4,18]",0.983956389143576,0.958698853962703,1.00418591628049,4,18,1,10,none,5
"fut.lambda[4,17]",0.984469751281058,0.960179097844022,1.00470204158835,4,17,1,10,none,15
"fut.lambda[4,16]",0.984600621851061,0.959372507647036,1.00640386377016,4,16,1,10,none,10
"fut.lambda[25,18]",0.984787396392109,0.961836175972064,1.0060048238362,25,18,2,10,none,5
"fut.lambda[5,17]",0.985419607640478,0.961616446553102,1.00514088800485,5,17,1,20,none,15
"fut.lambda[25,16]",0.985556607485529,0.961545694553497,1.0054041492517,25,16,2,10,none,10
"fut.lambda[5,16]",0.98560265598934,0.962528832114028,1.00590016170919,5,16,1,20,none,10
"fut.lambda[25,17]",0.985663062175315,0.960365508455613,1.0061924716688,25,17,2,10,none,15
"fut.lambda[5,18]",0.985827484224614,0.96439393295793,1.00516642125189,5,18,1,20,none,5
"fut.lambda[28,17]",0.986292633212642,0.961438557414246,1.00585770673568,28,17,3,10,none,15
"fut.lambda[6,16]",0.986493777211943,0.965217500923702,1.00705161234565,6,16,1,30,none,10
"fut.lambda[6,17]",0.986682396423502,0.962859707831861,1.00680116876714,6,17,1,30,none,15
"fut.lambda[28,18]",0.986851383383804,0.962525550724975,1.00680273820132,28,18,3,10,none,5
"fut.lambda[28,16]",0.987104093932878,0.963337403765029,1.00641224950918,28,16,3,10,none,10
"fut.lambda[6,18]",0.987264827774903,0.963299480375347,1.00652808026728,6,18,1,30,none,5
"fut.lambda[31,18]",0.98817693800663,0.963835728804962,1.00921312574931,31,18,4,10,none,5
"fut.lambda[31,17]",0.988274236780121,0.966945647160431,1.00718103372237,31,17,4,10,none,15
"fut.lambda[31,16]",0.988409276801262,0.965818287354279,1.00854243910683,31,16,4,10,none,10
"fut.lambda[26,16]",0.988599946464768,0.9663125327737,1.00545978859467,26,16,2,20,none,10
"fut.lambda[26,18]",0.988796584235982,0.96792206178176,1.00885295933523,26,18,2,20,none,5
"fut.lambda[34,18]",0.988809533096721,0.966031327858337,1.00814971158398,34,18,5,10,none,5
"fut.lambda[26,17]",0.989007008538092,0.965173719100985,1.00652517587217,26,17,2,20,none,15
"fut.lambda[34,16]",0.98908786810776,0.965027015146898,1.00971566469654,34,16,5,10,none,10
"fut.lambda[34,17]",0.989198032446547,0.967140069610526,1.0092841092034,34,17,5,10,none,15
"fut.lambda[37,17]",0.99001476638554,0.965735082907316,1.01055116711029,37,17,6,10,none,15
"fut.lambda[37,18]",0.990052380706139,0.966852650032564,1.00964505247499,37,18,6,10,none,5
"fut.lambda[37,16]",0.990602966071428,0.968759689821093,1.01037265706054,37,16,6,10,none,10
"fut.lambda[27,16]",0.991003318578571,0.968841246409649,1.01051329642699,27,16,2,30,none,10
"fut.lambda[40,16]",0.991098600537514,0.967267002781479,1.01032529041468,40,16,7,10,none,10
"fut.lambda[27,17]",0.991289946045127,0.968193505872767,1.00965322772099,27,17,2,30,none,15
"fut.lambda[40,18]",0.991455481219186,0.967699870437112,1.01173074589715,40,18,7,10,none,5
"fut.lambda[29,16]",0.991513484854653,0.968038794139864,1.00902937041313,29,16,3,20,none,10
"fut.lambda[29,17]",0.991535626683621,0.969049087645907,1.01106368905392,29,17,3,20,none,15
"fut.lambda[29,18]",0.991758042648127,0.9677158533932,1.01163617503162,29,18,3,20,none,5
"fut.lambda[40,17]",0.991798961108622,0.96786846709209,1.01174822727235,40,17,7,10,none,15
"fut.lambda[27,18]",0.991801273659188,0.970622504317456,1.00896851306388,27,18,2,30,none,5
"fut.lambda[43,17]",0.992235095893848,0.968854538447649,1.0109713338874,43,17,8,10,none,15
"fut.lambda[43,18]",0.992250096159548,0.969645816468233,1.01199985217603,43,18,8,10,none,5
"fut.lambda[43,16]",0.992876979174868,0.970420816621789,1.01090687275881,43,16,8,10,none,10
"fut.lambda[46,18]",0.993088405048141,0.970864588609839,1.01201745631598,46,18,9,10,none,5
"fut.lambda[32,18]",0.993588666051863,0.971901063111087,1.01249158431986,32,18,4,20,none,5
"fut.lambda[46,16]",0.993840174178279,0.969821250594608,1.01308886826096,46,16,9,10,none,10
"fut.lambda[32,17]",0.993896085586554,0.97163791532342,1.01332074761492,32,17,4,20,none,15
"fut.lambda[32,16]",0.994063364775936,0.971020611262686,1.01272995476084,32,16,4,20,none,10
"fut.lambda[46,17]",0.994087618604618,0.971121299469976,1.01437267330182,46,17,9,10,none,15
"fut.lambda[30,17]",0.994493365913995,0.973214163350251,1.01350594628211,30,17,3,30,none,15
"fut.lambda[7,16]",0.994497992638472,0.972521962709988,1.01337654394064,7,16,10,10,none,10
"fut.lambda[30,18]",0.994578634601736,0.974142171596252,1.01283670734645,30,18,3,30,none,5
"fut.lambda[7,17]",0.994600034158303,0.9719705675582,1.0144086242543,7,17,10,10,none,15
"fut.lambda[7,18]",0.995160218820466,0.97177652095644,1.01452270835163,7,18,10,10,none,5
"fut.lambda[30,16]",0.995218378592564,0.973704480529747,1.01321561738716,30,16,3,30,none,10
"fut.lambda[10,17]",0.995328575580899,0.972868484937693,1.01533991754485,10,17,11,10,none,15
"fut.lambda[10,18]",0.995758683670864,0.971649688757875,1.01559164060179,10,18,11,10,none,5
"fut.lambda[10,16]",0.995803151076777,0.973138340133512,1.0159454901125,10,16,11,10,none,10
"fut.lambda[35,16]",0.996129509021715,0.974888741687925,1.01398260476168,35,16,5,20,none,10
"fut.lambda[35,18]",0.996168652896569,0.974299098950111,1.01416438269921,35,18,5,20,none,5
"fut.lambda[13,16]",0.99644811189931,0.974380548692191,1.01507599174046,13,16,12,10,none,10
"fut.lambda[13,18]",0.996592800946497,0.974828806945417,1.01633246459535,13,18,12,10,none,5
"fut.lambda[35,17]",0.99662017649357,0.976379687981647,1.01330609297869,35,17,5,20,none,15
"fut.lambda[13,17]",0.996728968246015,0.973811764523461,1.01436284522184,13,17,12,10,none,15
"fut.lambda[16,18]",0.99734601540101,0.972748041542961,1.01668010181427,16,18,13,10,none,5
"fut.lambda[16,17]",0.997532600975253,0.975043567964923,1.01666548793414,16,17,13,10,none,15
"fut.lambda[16,16]",0.997940727066201,0.973455671498634,1.01678100797387,16,16,13,10,none,10
"fut.lambda[19,18]",0.997951330111791,0.975660726751913,1.01786786853052,19,18,14,10,none,5
"fut.lambda[1,2]",0.998006417081542,0.9758597517869,1.01840746095531,1,2,0,10,+ 2 %,15
"fut.lambda[22,18]",0.998094365053946,0.973178390839645,1.0181654458018,22,18,15,10,none,5
"fut.lambda[38,18]",0.998132737991554,0.975691042989488,1.01637023110092,38,18,6,20,none,5
"fut.lambda[38,17]",0.99816058876189,0.978389146922108,1.01548904816435,38,17,6,20,none,15
"fut.lambda[19,17]",0.998200346124629,0.976232127618589,1.01771105728398,19,17,14,10,none,15
"fut.lambda[33,16]",0.998309256420364,0.97613917425019,1.01527192865253,33,16,4,30,none,10
"fut.lambda[38,16]",0.998389962100898,0.97559264218989,1.01658725135106,38,16,6,20,none,10
"fut.lambda[2,2]",0.998420626425952,0.97627060129461,1.01947282867072,2,2,0,20,+ 2 %,15
"fut.lambda[33,17]",0.998427570339942,0.977140401172313,1.01618975982079,33,17,4,30,none,15
"fut.lambda[33,18]",0.998533894372286,0.975737609023109,1.01592243765625,33,18,4,30,none,5
"fut.lambda[3,2]",0.998559129818893,0.976189755352689,1.01788309911159,3,2,0,30,+ 2 %,15
"fut.lambda[19,16]",0.998593717216267,0.976757966699811,1.0172647090075,19,16,14,10,none,10
"fut.lambda[22,16]",0.999173304789384,0.975017227731632,1.01713883716056,22,16,15,10,none,10
"fut.lambda[22,17]",0.999730362867857,0.976046206826341,1.01857576529421,22,17,15,10,none,15
"fut.lambda[4,2]",0.999819595935795,0.978419305399009,1.02058306569204,4,2,1,10,+ 2 %,15
"fut.lambda[1,1]",0.999827452079077,0.978416810827151,1.01976426360197,1,1,0,10,+ 2 %,10
"fut.lambda[2,1]",1.0002411889916,0.976781842185098,1.02025724325969,2,1,0,20,+ 2 %,10
"fut.lambda[41,18]",1.00034557146143,0.978894792870221,1.01976030196229,41,18,7,20,none,5
"fut.lambda[3,1]",1.00041392938447,0.97791383711734,1.02018724046069,3,1,0,30,+ 2 %,10
"fut.lambda[41,17]",1.00045191961348,0.977465376064709,1.01842415559665,41,17,7,20,none,15
"fut.lambda[36,18]",1.00098199094646,0.980556447127677,1.01769740603443,36,18,5,30,none,5
"fut.lambda[25,2]",1.00099686598635,0.979250173676667,1.02071275003944,25,2,2,10,+ 2 %,15
"fut.lambda[41,16]",1.00107460286947,0.97789184680278,1.0179605269471,41,16,7,20,none,10
"fut.lambda[36,16]",1.00131055121979,0.98200063437072,1.01787486882755,36,16,5,30,none,10
"fut.lambda[5,2]",1.00141929179479,0.978965169337683,1.02043692504109,5,2,1,20,+ 2 %,15
"fut.lambda[36,17]",1.0015340604574,0.980220627312002,1.01826593466092,36,17,5,30,none,15
"fut.lambda[4,1]",1.00161492253037,0.979663862031853,1.02135254882275,4,1,1,10,+ 2 %,10
"fut.lambda[1,3]",1.00195593605064,0.979796498987101,1.02161315619351,1,3,0,10,+ 2 %,5
"fut.lambda[3,3]",1.00200519564979,0.98007801389125,1.02146127278631,3,3,0,30,+ 2 %,5
"fut.lambda[2,3]",1.00212371814966,0.97966565559442,1.02254010849262,2,3,0,20,+ 2 %,5
"fut.lambda[44,18]",1.00220831293049,0.980997167600643,1.01957052434662,44,18,8,20,none,5
"fut.lambda[44,17]",1.00230671047501,0.981896980428282,1.01978101771953,44,17,8,20,none,15
"fut.lambda[44,16]",1.00237631756499,0.98118191935638,1.01954217964315,44,16,8,20,none,10
"fut.lambda[5,1]",1.00270288216789,0.982661751325088,1.02206686339153,5,1,1,20,+ 2 %,10
"fut.lambda[25,1]",1.00270295352707,0.980456036908797,1.02273307164719,25,1,2,10,+ 2 %,10
"fut.lambda[28,2]",1.00271861786254,0.982120838186899,1.02151972666507,28,2,3,10,+ 2 %,15
"fut.lambda[6,2]",1.00306762348767,0.982268390517218,1.02089816421363,6,2,1,30,+ 2 %,15
"fut.lambda[31,2]",1.00351735002042,0.981958636824195,1.02405236058619,31,2,4,10,+ 2 %,15
"fut.lambda[4,3]",1.00373573784464,0.981224290362066,1.02234018365934,4,3,1,10,+ 2 %,5
"fut.lambda[39,16]",1.00381843576837,0.982451344648823,1.02124458705877,39,16,6,30,none,10
"fut.lambda[47,18]",1.00388548360935,0.982057902142221,1.02165639522101,47,18,9,20,none,5
"fut.lambda[28,1]",1.00388873594956,0.982282588703331,1.02357941934936,28,1,3,10,+ 2 %,10
"fut.lambda[26,2]",1.00391495787001,0.980722926115041,1.02224616071045,26,2,2,20,+ 2 %,15
"fut.lambda[6,1]",1.00402367342954,0.982523490999835,1.02236968963295,6,1,1,30,+ 2 %,10
"fut.lambda[39,18]",1.00411203901209,0.983925920216734,1.02081226782728,39,18,6,30,none,5
"fut.lambda[25,3]",1.00420854667267,0.984349522420748,1.02495628847618,25,3,2,10,+ 2 %,5
"fut.lambda[39,17]",1.00422249346192,0.983019150760659,1.02032452302385,39,17,6,30,none,15
"fut.lambda[47,16]",1.00430775649135,0.982509335906201,1.02309079245602,47,16,9,20,none,10
"fut.lambda[47,17]",1.00459551299127,0.981267599916682,1.02117056988596,47,17,9,20,none,15
"fut.lambda[5,3]",1.00462629309347,0.982488535058956,1.02297030788713,5,3,1,20,+ 2 %,5
"fut.lambda[34,2]",1.0047565029904,0.982541696342121,1.02361196995883,34,2,5,10,+ 2 %,15
"fut.lambda[31,1]",1.00552995445976,0.98379578837665,1.025090861114,31,1,4,10,+ 2 %,10
"fut.lambda[26,1]",1.0055814183593,0.984382607349859,1.02379404494291,26,1,2,20,+ 2 %,10
"fut.lambda[27,2]",1.00561617753026,0.984848505773028,1.02420602768726,27,2,2,30,+ 2 %,15
"fut.lambda[37,2]",1.00562173041764,0.9844416345661,1.02434664012078,37,2,6,10,+ 2 %,15
"fut.lambda[6,3]",1.00576654011696,0.98424103788294,1.02353321722783,6,3,1,30,+ 2 %,5
"fut.lambda[8,17]",1.0058041998428,0.983508495512135,1.02287311114352,8,17,10,20,none,15
"fut.lambda[28,3]",1.00599087240033,0.984332337787236,1.02452195683224,28,3,3,10,+ 2 %,5
"fut.lambda[29,2]",1.00626615715184,0.984548406093177,1.02431038051785,29,2,3,20,+ 2 %,15
"fut.lambda[8,16]",1.00635243453892,0.985068465860271,1.02365429683536,8,16,10,20,none,10
"fut.lambda[8,18]",1.0064531883227,0.984273127674428,1.02327486016746,8,18,10,20,none,5
"fut.lambda[34,1]",1.00652089564162,0.986202730071257,1.02521150689015,34,1,5,10,+ 2 %,10
"fut.lambda[42,18]",1.00655446085235,0.987262940666014,1.02208892244324,42,18,7,30,none,5
"fut.lambda[31,3]",1.00663736881813,0.984948847983508,1.02578965191759,31,3,4,10,+ 2 %,5
"fut.lambda[26,3]",1.00693500390842,0.98527946387243,1.02529316853783,26,3,2,20,+ 2 %,5
"fut.lambda[42,17]",1.00694278166022,0.986469678754218,1.02336495309342,42,17,7,30,none,15
"fut.lambda[42,16]",1.00700644858372,0.98587647554983,1.02254132829403,42,16,7,30,none,10
"fut.lambda[27,1]",1.00717869647993,0.986479235451671,1.02584433929484,27,1,2,30,+ 2 %,10
"fut.lambda[37,1]",1.00732716720836,0.985922197845434,1.02640786503454,37,1,6,10,+ 2 %,10
"fut.lambda[40,2]",1.00737366594229,0.985610252982818,1.02588317449177,40,2,7,10,+ 2 %,15
"fut.lambda[11,17]",1.00748117136726,0.986574632160381,1.02540206877437,11,17,11,20,none,15
"fut.lambda[11,18]",1.00777206453019,0.985086278469223,1.02447999267091,11,18,11,20,none,5
"fut.lambda[34,3]",1.00805950022336,0.985554704744491,1.02651399600573,34,3,5,10,+ 2 %,5
"fut.lambda[11,16]",1.008108140877,0.986597276483851,1.02455267177881,11,16,11,20,none,10
"fut.lambda[29,1]",1.00825914815337,0.987555564209815,1.02650251690791,29,1,3,20,+ 2 %,10
"fut.lambda[40,1]",1.00843872771195,0.988346910451383,1.02840575962797,40,1,7,10,+ 2 %,10
"fut.lambda[43,2]",1.00859478078896,0.986549325273347,1.02645584896085,43,2,8,10,+ 2 %,15
"fut.lambda[37,3]",1.0088002370447,0.987386422429634,1.02815365931012,37,3,6,10,+ 2 %,5
"fut.lambda[45,18]",1.00892815526008,0.990190520121019,1.02534839529826,45,18,8,30,none,5
"fut.lambda[45,17]",1.00893607642204,0.986488676377222,1.02474643986656,45,17,8,30,none,15
"fut.lambda[27,3]",1.00901742193154,0.988757065874651,1.02715733084015,27,3,2,30,+ 2 %,5
"fut.lambda[14,16]",1.00910645270297,0.9875371330546,1.02592543870579,14,16,12,20,none,10
"fut.lambda[30,2]",1.0091077901135,0.988900999330917,1.02827761837712,30,2,3,30,+ 2 %,15
"fut.lambda[45,16]",1.00911585294153,0.988386596045386,1.02507368888928,45,16,8,30,none,10
"fut.lambda[32,2]",1.0091245286323,0.988759244770573,1.02656959658855,32,2,4,20,+ 2 %,15
"fut.lambda[14,18]",1.00915500881989,0.987001519336639,1.02621679181246,14,18,12,20,none,5
"fut.lambda[46,2]",1.0092661714248,0.986137404455458,1.02740827229638,46,2,9,10,+ 2 %,15
"fut.lambda[14,17]",1.00927652809165,0.986680955570883,1.02691904276281,14,17,12,20,none,15
"fut.lambda[43,1]",1.00960477008598,0.988684230189374,1.0280338513042,43,1,8,10,+ 2 %,10
"fut.lambda[29,3]",1.0096070661571,0.989120482092904,1.02886845509291,29,3,3,20,+ 2 %,5
"fut.lambda[7,2]",1.00963515291526,0.989021822327617,1.02867248568026,7,2,10,10,+ 2 %,15
"fut.lambda[40,3]",1.01024104064504,0.987323616092443,1.0286441781774,40,3,7,10,+ 2 %,5
"fut.lambda[46,1]",1.0102534584849,0.988833852226123,1.02946793076484,46,1,9,10,+ 2 %,10
"fut.lambda[30,1]",1.0102543419595,0.989628288522934,1.02785721978001,30,1,3,30,+ 2 %,10
"fut.lambda[32,1]",1.01027820445361,0.989733427540414,1.0286631456813,32,1,4,20,+ 2 %,10
"fut.lambda[17,17]",1.01030063294706,0.989656929551517,1.02736066352872,17,17,13,20,none,15
"fut.lambda[17,16]",1.01034000852289,0.990151658723749,1.02778436435433,17,16,13,20,none,10
"fut.lambda[48,18]",1.0105533218483,0.990786177013995,1.02665101615587,48,18,9,30,none,5
"fut.lambda[48,17]",1.01099794698329,0.990965889952797,1.02692086202721,48,17,9,30,none,15
"fut.lambda[35,2]",1.01109834712666,0.990809335719192,1.02827242437507,35,2,5,20,+ 2 %,15
"fut.lambda[10,2]",1.01110497827051,0.989131160705967,1.02977592196466,10,2,11,10,+ 2 %,15
"fut.lambda[17,18]",1.01111500242784,0.989418108212539,1.02719045150953,17,18,13,20,none,5
"fut.lambda[48,16]",1.01114612326465,0.98935992883524,1.02683009957251,48,16,9,30,none,10
"fut.lambda[7,1]",1.01117001689316,0.990568038991095,1.03081688046988,7,1,10,10,+ 2 %,10
"fut.lambda[32,3]",1.01133619236116,0.990758580397768,1.02947064377007,32,3,4,20,+ 2 %,5
"fut.lambda[43,3]",1.01152322987573,0.989537595451035,1.03058404089959,43,3,8,10,+ 2 %,5
"fut.lambda[20,18]",1.01170353982773,0.98910330260283,1.02944607532827,20,18,14,20,none,5
"fut.lambda[30,3]",1.01196965409703,0.991873082152306,1.03024135504364,30,3,3,30,+ 2 %,5
"fut.lambda[33,2]",1.01214613272179,0.991532168062762,1.02892689025012,33,2,4,30,+ 2 %,15
"fut.lambda[13,2]",1.01226520270715,0.991398081419744,1.03071613998622,13,2,12,10,+ 2 %,15
"fut.lambda[20,16]",1.01228614706639,0.990508133337969,1.02817897072201,20,16,14,20,none,10
"fut.lambda[20,17]",1.01242134104346,0.990014362885753,1.02934970684349,20,17,14,20,none,15
"fut.lambda[46,3]",1.0125751592734,0.991205309869941,1.03051216563039,46,3,9,10,+ 2 %,5
"fut.lambda[35,1]",1.01264690278478,0.99332046669481,1.03088308861393,35,1,5,20,+ 2 %,10
"fut.lambda[9,17]",1.01268162077055,0.992475481389579,1.02882110281915,9,17,10,30,none,15
"fut.lambda[10,1]",1.01274051520706,0.990396559686424,1.03100124261126,10,1,11,10,+ 2 %,10
"fut.lambda[7,3]",1.01325077086801,0.991346061401254,1.03127134801956,7,3,10,10,+ 2 %,5
"fut.lambda[9,18]",1.01328690742587,0.991953190735087,1.03089892679239,9,18,10,30,none,5
"fut.lambda[3,5]",1.01334375295892,0.993105395674359,1.03294525861265,3,5,0,30,+ 4 %,15
"fut.lambda[38,2]",1.01337374678568,0.993468307057545,1.03121314514568,38,2,6,20,+ 2 %,15
"fut.lambda[33,1]",1.01339248164687,0.992535510266664,1.03055089499649,33,1,4,30,+ 2 %,10
"fut.lambda[23,16]",1.01341747932119,0.992946873663171,1.03096430829078,23,16,15,20,none,10
"fut.lambda[9,16]",1.01344832411302,0.993608627201988,1.02997699199042,9,16,10,30,none,10
"fut.lambda[13,1]",1.01355180529447,0.993189846984692,1.03251690338639,13,1,12,10,+ 2 %,10
"fut.lambda[16,2]",1.01355334071239,0.990148153593842,1.03199044122282,16,2,13,10,+ 2 %,15
"fut.lambda[23,17]",1.01375838264375,0.990041254801026,1.03133067473482,23,17,15,20,none,15
"fut.lambda[23,18]",1.01382292240932,0.993291769086106,1.02919973272321,23,18,15,20,none,5
"fut.lambda[19,2]",1.01383697931588,0.992272487773721,1.03247226767237,19,2,14,10,+ 2 %,15
"fut.lambda[1,5]",1.01389578886894,0.993022936386333,1.03318809640758,1,5,0,10,+ 4 %,15
"fut.lambda[2,5]",1.01417695654966,0.993388289756106,1.03305806172589,2,5,0,20,+ 4 %,15
"fut.lambda[10,3]",1.01440292887806,0.99189069511875,1.03340110574586,10,3,11,10,+ 2 %,5
"fut.lambda[22,2]",1.01442214812234,0.992247300874977,1.03418676659772,22,2,15,10,+ 2 %,15
"fut.lambda[16,1]",1.01447619864602,0.994343464996686,1.03414836490934,16,1,13,10,+ 2 %,10
"fut.lambda[35,3]",1.01452837564489,0.993652457701589,1.03179076464896,35,3,5,20,+ 2 %,5
"fut.lambda[38,1]",1.01466708504826,0.994359117386345,1.03263927745699,38,1,6,20,+ 2 %,10
"fut.lambda[12,16]",1.01480152959366,0.993776935102898,1.03112727102628,12,16,11,30,none,10
"fut.lambda[36,2]",1.01481576799486,0.995460883423472,1.03251098356969,36,2,5,30,+ 2 %,15
"fut.lambda[33,3]",1.01500688766189,0.99462681659633,1.03135583587288,33,3,4,30,+ 2 %,5
"fut.lambda[13,3]",1.01510214536661,0.994394733231732,1.03302349465043,13,3,12,10,+ 2 %,5
"fut.lambda[12,18]",1.0152549177541,0.993096255167436,1.0313064430155,12,18,11,30,none,5
"fut.lambda[41,2]",1.01526103617762,0.994815710959807,1.03273806506385,41,2,7,20,+ 2 %,15
"fut.lambda[4,5]",1.01526252633757,0.99392534063851,1.03520859196229,4,5,1,10,+ 4 %,15
"fut.lambda[12,17]",1.01542435713439,0.993526764976969,1.03139097716209,12,17,11,30,none,15
"fut.lambda[16,3]",1.01578292297701,0.994681418237001,1.03479182515343,16,3,13,10,+ 2 %,5
"fut.lambda[38,3]",1.01589246681448,0.996935973544489,1.03347388479993,38,3,6,20,+ 2 %,5
"fut.lambda[19,1]",1.01597373051229,0.995221039288119,1.03476218269671,19,1,14,10,+ 2 %,10
"fut.lambda[41,1]",1.01597523409088,0.996634904156749,1.0343695847411,41,1,7,20,+ 2 %,10
"fut.lambda[36,1]",1.01617149392823,0.994546887553873,1.0335504431278,36,1,5,30,+ 2 %,10
"fut.lambda[22,1]",1.0162595806034,0.996036300549127,1.03637670719319,22,1,15,10,+ 2 %,10
"fut.lambda[15,18]",1.01643561167441,0.995756157708028,1.03329624014593,15,18,12,30,none,5
"fut.lambda[44,2]",1.01674246729352,0.99718556695953,1.03372365757953,44,2,8,20,+ 2 %,15
"fut.lambda[15,17]",1.01699765804453,0.996091992241971,1.03229551476952,15,17,12,30,none,15
"fut.lambda[3,4]",1.01700997189281,0.995966906082867,1.03648636764422,3,4,0,30,+ 4 %,10
"fut.lambda[25,5]",1.01717927160658,0.996150614538713,1.0358678562826,25,5,2,10,+ 4 %,15
"fut.lambda[2,4]",1.01723118181327,0.994235699639657,1.03739249639932,2,4,0,20,+ 4 %,10
"fut.lambda[1,4]",1.01728904157106,0.996926373424854,1.03659380784159,1,4,0,10,+ 4 %,10
"fut.lambda[19,3]",1.01732777403374,0.99618064348269,1.03548412136886,19,3,14,10,+ 2 %,5
"fut.lambda[5,5]",1.01737733840771,0.99632329722462,1.03586851644639,5,5,1,20,+ 4 %,15
"fut.lambda[15,16]",1.01740609878749,0.996591303363786,1.03316762983984,15,16,12,30,none,10
"fut.lambda[6,5]",1.01751269540177,0.997951433722614,1.03656838297638,6,5,1,30,+ 4 %,15
"fut.lambda[36,3]",1.01753636518217,0.996584786906884,1.03467369656783,36,3,5,30,+ 2 %,5
"fut.lambda[22,3]",1.01769630836869,0.997341178321011,1.03634922913742,22,3,15,10,+ 2 %,5
"fut.lambda[39,2]",1.01775861580946,0.998017113504943,1.03507637115306,39,2,6,30,+ 2 %,15
"fut.lambda[41,3]",1.01783526421689,0.997146928851025,1.03418820329758,41,3,7,20,+ 2 %,5
"fut.lambda[44,1]",1.0179878259283,0.997772163378647,1.0347668906348,44,1,8,20,+ 2 %,10
"fut.lambda[28,5]",1.01828502022118,0.997349311032315,1.03757804290536,28,5,3,10,+ 4 %,15
"fut.lambda[4,4]",1.01838070821852,0.997362514733989,1.03830723030925,4,4,1,10,+ 4 %,10
"fut.lambda[39,1]",1.0185671848304,0.99961575062484,1.03583064630269,39,1,6,30,+ 2 %,10
"fut.lambda[18,16]",1.01874058795979,0.997924954183731,1.03470806696061,18,16,13,30,none,10
"fut.lambda[18,17]",1.01876130640049,0.999148300179835,1.03397940550039,18,17,13,30,none,15
"fut.lambda[18,18]",1.01876225926467,0.998341876653175,1.03454911716424,18,18,13,30,none,5
"fut.lambda[47,2]",1.01880690612198,0.997265422306476,1.03685055608466,47,2,9,20,+ 2 %,15
"fut.lambda[26,5]",1.01899921982158,0.998965976912545,1.03844299536168,26,5,2,20,+ 4 %,15
"fut.lambda[31,5]",1.01918675347037,0.99987680464926,1.03767975609445,31,5,4,10,+ 4 %,15
"fut.lambda[44,3]",1.0194996563686,0.998881769470205,1.03625258217922,44,3,8,20,+ 2 %,5
"fut.lambda[5,4]",1.0198383498437,0.999345517782578,1.0378852546664,5,4,1,20,+ 4 %,10
"fut.lambda[39,3]",1.01986123334776,1.00107977573669,1.03685648371375,39,3,6,30,+ 2 %,5
"fut.lambda[42,2]",1.01992293014026,1.00161549504626,1.0362971024085,42,2,7,30,+ 2 %,15
"fut.lambda[25,4]",1.01992599552087,0.998594497985173,1.03860805879506,25,4,2,10,+ 4 %,10
"fut.lambda[47,1]",1.0203801799649,0.998666225768338,1.03761196202683,47,1,9,20,+ 2 %,10
"fut.lambda[21,18]",1.02040561323175,1.00089610758803,1.03621726548011,21,18,14,30,none,5
"fut.lambda[6,4]",1.02046045062694,1.00147160118511,1.03934887504007,6,4,1,30,+ 4 %,10
"fut.lambda[8,2]",1.02050201990457,1.00016688089608,1.03718281464574,8,2,10,20,+ 2 %,15
"fut.lambda[21,16]",1.02056668754342,0.999126157903183,1.03597957717347,21,16,14,30,none,10
"fut.lambda[34,5]",1.0206553344651,0.999206958970357,1.03823732306928,34,5,5,10,+ 4 %,15
"fut.lambda[21,17]",1.02074171420562,0.998592357924342,1.03609478004986,21,17,14,30,none,15
"fut.lambda[27,5]",1.02074922886554,1.00132660092634,1.03855349468181,27,5,2,30,+ 4 %,15
"fut.lambda[1,6]",1.02076884350002,0.99923170603245,1.03970787376668,1,6,0,10,+ 4 %,5
"fut.lambda[42,1]",1.02094017099985,1.00131799022166,1.03651896556599,42,1,7,30,+ 2 %,10
"fut.lambda[3,6]",1.02100738715679,1.0009128193897,1.04032522264821,3,6,0,30,+ 4 %,5
"fut.lambda[28,4]",1.02106341950869,1.00197559387958,1.040480067236,28,4,3,10,+ 4 %,10
"fut.lambda[2,6]",1.02106551810455,1.00165410955293,1.04076220872006,2,6,0,20,+ 4 %,5
"fut.lambda[47,3]",1.02145776950712,0.999877009432536,1.03837003027312,47,3,9,20,+ 2 %,5
"fut.lambda[37,5]",1.02147089162852,1.00244905612899,1.04022980758218,37,5,6,10,+ 4 %,15
"fut.lambda[45,2]",1.02174074625027,1.00149537497598,1.03828962097336,45,2,8,30,+ 2 %,15
"fut.lambda[24,18]",1.02174854860137,1.00270570463425,1.03733107296547,24,18,15,30,none,5
"fut.lambda[8,1]",1.02178923918386,1.00041192341477,1.03972021883613,8,1,10,20,+ 2 %,10
"fut.lambda[29,5]",1.02187625009478,1.00192739274434,1.03872099288212,29,5,3,20,+ 4 %,15
"fut.lambda[4,6]",1.02190679154829,1.00106568395011,1.04128069240119,4,6,1,10,+ 4 %,5
"fut.lambda[11,2]",1.02192833243316,1.00190474875492,1.03910662712072,11,2,11,20,+ 2 %,15
"fut.lambda[42,3]",1.02203046034012,1.00251864492625,1.03861812417248,42,3,7,30,+ 2 %,5
"fut.lambda[24,17]",1.02225525435215,1.00145770346565,1.03739899113325,24,17,15,30,none,15
"fut.lambda[24,16]",1.02234387651807,0.999784777587468,1.03760161200151,24,16,15,30,none,10
"fut.lambda[26,4]",1.02235334725622,1.00275152535017,1.04053011921969,26,4,2,20,+ 4 %,10
"fut.lambda[8,3]",1.02261476065386,1.00356280717806,1.04004270733237,8,3,10,20,+ 2 %,5
"fut.lambda[40,5]",1.02262296473929,0.999887437323488,1.04132236444578,40,5,7,10,+ 4 %,15
"fut.lambda[11,1]",1.02275567684669,1.00297702077898,1.04033625390789,11,1,11,20,+ 2 %,10
"fut.lambda[31,4]",1.02304695464496,1.00334812079264,1.04076151848779,31,4,4,10,+ 4 %,10
"fut.lambda[5,6]",1.02308916007603,1.00353966439943,1.04191399355637,5,6,1,20,+ 4 %,5
"fut.lambda[45,1]",1.02310154342907,1.00350686274143,1.03827604990948,45,1,8,30,+ 2 %,10
"fut.lambda[32,5]",1.02316703284397,1.00356027555089,1.04114054397953,32,5,4,20,+ 4 %,15
"fut.lambda[25,6]",1.02325244117934,1.00322451477222,1.04223735938627,25,6,2,10,+ 4 %,5
"fut.lambda[43,5]",1.02341904809865,1.00378825986717,1.04252468393659,43,5,8,10,+ 4 %,15
"fut.lambda[14,2]",1.02365861001867,1.0025562120593,1.04140120321203,14,2,12,20,+ 2 %,15
"fut.lambda[34,4]",1.02368513581936,1.00269042791107,1.04328461086037,34,4,5,10,+ 4 %,10
"fut.lambda[6,6]",1.02396520986559,1.00386735439338,1.04310786383409,6,6,1,30,+ 4 %,5
"fut.lambda[30,5]",1.02397493535539,1.00408519589122,1.04195267041075,30,5,3,30,+ 4 %,15
"fut.lambda[27,4]",1.02417259273301,1.00412563848748,1.04145130571886,27,4,2,30,+ 4 %,10
"fut.lambda[48,2]",1.02426709651938,1.00375307380746,1.03974663127114,48,2,9,30,+ 2 %,15
"fut.lambda[45,3]",1.02444844278806,1.00568045409513,1.04112395325386,45,3,8,30,+ 2 %,5
"fut.lambda[11,3]",1.02447184815757,1.00427389322821,1.0398853733413,11,3,11,20,+ 2 %,5
"fut.lambda[28,6]",1.02459569847337,1.00536516411392,1.0431755419668,28,6,3,10,+ 4 %,5
"fut.lambda[17,2]",1.02460472397636,1.00334678101122,1.04186182128315,17,2,13,20,+ 2 %,15
"fut.lambda[37,4]",1.02464160183213,1.00387294276042,1.04434879753382,37,4,6,10,+ 4 %,10
"fut.lambda[46,5]",1.02480876277749,1.0041650209979,1.0431492209349,46,5,9,10,+ 4 %,15
"fut.lambda[29,4]",1.02482512831262,1.00483435760173,1.04302117106367,29,4,3,20,+ 4 %,10
"fut.lambda[14,1]",1.02497046590363,1.00391142073126,1.04120074688073,14,1,12,20,+ 2 %,10
"fut.lambda[26,6]",1.02512553074991,1.00585393236095,1.04443038146801,26,6,2,20,+ 4 %,5
"fut.lambda[48,1]",1.0251472685761,1.00528418759307,1.04085925977466,48,1,9,30,+ 2 %,10
"fut.lambda[7,5]",1.02554658534902,1.00646924624462,1.04340195877287,7,5,10,10,+ 4 %,15
"fut.lambda[40,4]",1.02579440021572,1.00550922334408,1.04401301394633,40,4,7,10,+ 4 %,10
"fut.lambda[35,5]",1.0258264099124,1.00613077461681,1.04325171877501,35,5,5,20,+ 4 %,15
"fut.lambda[48,3]",1.02589163576601,1.0061867082135,1.04205964595814,48,3,9,30,+ 2 %,5
"fut.lambda[14,3]",1.0259357109263,1.00447891101967,1.0434366033036,14,3,12,20,+ 2 %,5
"fut.lambda[31,6]",1.0259852276669,1.00562209515653,1.04546103444162,31,6,4,10,+ 4 %,5
"fut.lambda[9,2]",1.0261219358854,1.00634013584292,1.04200208402517,9,2,10,30,+ 2 %,15
"fut.lambda[33,5]",1.02628689523166,1.00591055946908,1.04356522548001,33,5,4,30,+ 4 %,15
"fut.lambda[17,1]",1.02635862203215,1.00528839906274,1.04274114436415,17,1,13,20,+ 2 %,10
"fut.lambda[20,2]",1.0264277562097,1.00474054485277,1.04306850637659,20,2,14,20,+ 2 %,15
"fut.lambda[10,5]",1.02646962548722,1.00521742952116,1.04411796269355,10,5,11,10,+ 4 %,15
"fut.lambda[43,4]",1.02672957603353,1.00551948724232,1.04558963145204,43,4,8,10,+ 4 %,10
"fut.lambda[27,6]",1.02680506785517,1.00774191575576,1.04520349839859,27,6,2,30,+ 4 %,5
"fut.lambda[32,4]",1.02680660096707,1.0075631383912,1.04383096669257,32,4,4,20,+ 4 %,10
"fut.lambda[34,6]",1.02694115523325,1.00630461943091,1.04428260478063,34,6,5,10,+ 4 %,5
"fut.lambda[30,4]",1.02704974471112,1.00607572724609,1.04306286413727,30,4,3,30,+ 4 %,10
"fut.lambda[9,1]",1.02711271420276,1.00675459665932,1.04380457009942,9,1,10,30,+ 2 %,10
"fut.lambda[17,3]",1.02718815520274,1.00596915161785,1.04384778079221,17,3,13,20,+ 2 %,5
"fut.lambda[1,8]",1.02722842260139,1.01005672468029,1.04515432411422,1,8,0,10,+ 6 %,15
"fut.lambda[20,1]",1.02739444056234,1.00531651223385,1.04356588734663,20,1,14,20,+ 2 %,10
"fut.lambda[2,8]",1.02759131780791,1.00825702078259,1.0441313854234,2,8,0,20,+ 6 %,15
"fut.lambda[23,2]",1.02768699638146,1.00678685761464,1.04334283789696,23,2,15,20,+ 2 %,15
"fut.lambda[38,5]",1.0277198921198,1.00672487727662,1.04519981196966,38,5,6,20,+ 4 %,15
"fut.lambda[29,6]",1.02772716093078,1.00735023894136,1.04616245716605,29,6,3,20,+ 4 %,5
"fut.lambda[3,8]",1.02776631498678,1.00954628427238,1.04522475243492,3,8,0,30,+ 6 %,15
"fut.lambda[13,5]",1.02798983411856,1.0066930699114,1.04644118460784,13,5,12,10,+ 4 %,15
"fut.lambda[9,3]",1.02809884142817,1.00916165959415,1.04357657245749,9,3,10,30,+ 2 %,5
"fut.lambda[37,6]",1.02811326424296,1.0087419492485,1.04695507505364,37,6,6,10,+ 4 %,5
"fut.lambda[46,4]",1.02821797682042,1.00662220694895,1.04564013315124,46,4,9,10,+ 4 %,10
"fut.lambda[12,2]",1.02839822003965,1.00820672247436,1.04424621820735,12,2,11,30,+ 2 %,15
"fut.lambda[20,3]",1.02844833189797,1.00807818008075,1.04490690629701,20,3,14,20,+ 2 %,5
"fut.lambda[16,5]",1.02855046896524,1.00710435274135,1.04678486125265,16,5,13,10,+ 4 %,15
"fut.lambda[35,4]",1.02882801797323,1.00913808344496,1.04729761502094,35,4,5,20,+ 4 %,10
"fut.lambda[4,8]",1.02889824367735,1.01085314497644,1.04523668208405,4,8,1,10,+ 6 %,15
"fut.lambda[40,6]",1.02891598047287,1.0086671864103,1.04776439986421,40,6,7,10,+ 4 %,5
"fut.lambda[36,5]",1.02892776133798,1.00962077887327,1.04580884283861,36,5,5,30,+ 4 %,15
"fut.lambda[7,4]",1.02898185974258,1.00921447571057,1.04782717806987,7,4,10,10,+ 4 %,10
"fut.lambda[23,1]",1.02899785535981,1.0062271924424,1.04666788349144,23,1,15,20,+ 2 %,10
"fut.lambda[32,6]",1.02902978602815,1.01095397053683,1.04665595893015,32,6,4,20,+ 4 %,5
"fut.lambda[33,4]",1.02911871058885,1.00960004645322,1.04668715962195,33,4,4,30,+ 4 %,10
"fut.lambda[12,1]",1.02916103132814,1.00784852759962,1.04567619172405,12,1,11,30,+ 2 %,10
"fut.lambda[19,5]",1.02954368204761,1.00904779144908,1.04732175877605,19,5,14,10,+ 4 %,15
"fut.lambda[30,6]",1.02962150616197,1.01185109830613,1.04768551448294,30,6,3,30,+ 4 %,5
"fut.lambda[23,3]",1.02970984487217,1.00781304923568,1.04618467471332,23,3,15,20,+ 2 %,5
"fut.lambda[5,8]",1.02975009256433,1.0115963479902,1.04615535972915,5,8,1,20,+ 6 %,15
"fut.lambda[43,6]",1.02983451991023,1.00937086809902,1.04793579293339,43,6,8,10,+ 4 %,5
"fut.lambda[41,5]",1.02986691940911,1.00994664523972,1.04749590599808,41,5,7,20,+ 4 %,15
"fut.lambda[15,2]",1.03028028682855,1.01008673222318,1.04626699863983,15,2,12,30,+ 2 %,15
"fut.lambda[10,4]",1.03040989395545,1.01116004723829,1.04771826358854,10,4,11,10,+ 4 %,10
"fut.lambda[12,3]",1.03041218488724,1.00994502728605,1.04576602450514,12,3,11,30,+ 2 %,5
"fut.lambda[25,8]",1.03047865834112,1.01216178308569,1.04575901975089,25,8,2,10,+ 6 %,15
"fut.lambda[22,5]",1.03051089281178,1.00910872825936,1.04856343413005,22,5,15,10,+ 4 %,15
"fut.lambda[6,8]",1.03073343612258,1.01161085136184,1.04686749242548,6,8,1,30,+ 6 %,15
"fut.lambda[39,5]",1.03074325254364,1.01158288773858,1.04759828773973,39,5,6,30,+ 4 %,15
"fut.lambda[46,6]",1.03081460466741,1.00899925221387,1.05044921632659,46,6,9,10,+ 4 %,5
"fut.lambda[15,1]",1.0308777089863,1.01174730074329,1.04661993981566,15,1,12,30,+ 2 %,10
"fut.lambda[13,4]",1.03104717401991,1.01054451104977,1.04881462019459,13,4,12,10,+ 4 %,10
"fut.lambda[38,4]",1.03104971103691,1.01005581100376,1.04794454045591,38,4,6,20,+ 4 %,10
"fut.lambda[18,2]",1.03131052591084,1.01060615356608,1.04618467471332,18,2,13,30,+ 2 %,15
"fut.lambda[15,3]",1.03151070490254,1.01110991537964,1.04740937163396,15,3,12,30,+ 2 %,5
"fut.lambda[35,6]",1.03152301896373,1.01069526176214,1.04750829875795,35,6,5,20,+ 4 %,5
"fut.lambda[33,6]",1.03155958585534,1.01248486032977,1.04823285627963,33,6,4,30,+ 4 %,5
"fut.lambda[36,4]",1.03162212081399,1.0121174011092,1.0483204445245,36,4,5,30,+ 4 %,10
"fut.lambda[16,4]",1.03162247420497,1.01117384034972,1.05011129441979,16,4,13,10,+ 4 %,10
"fut.lambda[3,7]",1.03162926546279,1.01372634542155,1.04901512589773,3,7,0,30,+ 6 %,10
"fut.lambda[44,5]",1.03169485003532,1.01161483908478,1.04946018092359,44,5,8,20,+ 4 %,15
"fut.lambda[28,8]",1.03180861637371,1.01250351498862,1.04769607424008,28,8,3,10,+ 6 %,15
"fut.lambda[7,6]",1.03181244095194,1.01120234926048,1.05058025015602,7,6,10,10,+ 4 %,5
"fut.lambda[2,7]",1.03183176082741,1.01390179506379,1.04915936129837,2,7,0,20,+ 6 %,10
"fut.lambda[26,8]",1.03232749887662,1.01477653327799,1.04824438450746,26,8,2,20,+ 6 %,15
"fut.lambda[1,7]",1.03239832296378,1.01414275530684,1.04819735363413,1,7,0,10,+ 6 %,10
"fut.lambda[31,8]",1.03248475556992,1.01474348988198,1.04898073824821,31,8,4,10,+ 6 %,15
"fut.lambda[10,6]",1.03252753741824,1.01294474179582,1.05065470696158,10,6,11,10,+ 4 %,5
"fut.lambda[18,1]",1.03253309062628,1.01163847539217,1.0488332945488,18,1,13,30,+ 2 %,10
"fut.lambda[19,4]",1.03258745125,1.01215453912992,1.05075595105319,19,4,14,10,+ 4 %,10
"fut.lambda[41,4]",1.03265653087313,1.0124098651903,1.05004637926687,41,4,7,20,+ 4 %,10
"fut.lambda[21,2]",1.03323652543176,1.01243577417655,1.04873456294761,21,2,14,30,+ 2 %,15
"fut.lambda[39,4]",1.03327002079492,1.01452430024183,1.05047937851785,39,4,6,30,+ 4 %,10
"fut.lambda[4,7]",1.03328845645987,1.0157087433941,1.05100159742868,4,7,1,10,+ 6 %,10
"fut.lambda[47,5]",1.03332592116452,1.01247802982265,1.0506637250887,47,5,9,20,+ 4 %,15
"fut.lambda[18,3]",1.03333696923572,1.01255644393805,1.04985289609621,18,3,13,30,+ 2 %,5
"fut.lambda[3,11]",1.03338461693495,1.01898008176184,1.04891257371615,3,11,0,30,+ 8 %,15
"fut.lambda[42,5]",1.03342043437385,1.01360161651605,1.05114964710016,42,5,7,30,+ 4 %,15
"fut.lambda[27,8]",1.0334622786212,1.01715958167701,1.05018753874959,27,8,2,30,+ 6 %,15
"fut.lambda[13,6]",1.03352266372163,1.01275197080392,1.05283935886673,13,6,12,10,+ 4 %,5
"fut.lambda[1,11]",1.03363028225923,1.0180634064916,1.0501869138963,1,11,0,10,+ 8 %,15
"fut.lambda[38,6]",1.03370339712082,1.01528445842014,1.05106850806867,38,6,6,20,+ 4 %,5
"fut.lambda[34,8]",1.0337325020015,1.01532447016509,1.05016015460862,34,8,5,10,+ 6 %,15
"fut.lambda[44,4]",1.03374855299561,1.01327425692656,1.05073235317956,44,4,8,20,+ 4 %,10
"fut.lambda[2,11]",1.03380297779351,1.01826946401487,1.0489551644698,2,11,0,20,+ 8 %,15
"fut.lambda[22,4]",1.03395759295166,1.01331026326683,1.05117383461082,22,4,15,10,+ 4 %,10
"fut.lambda[21,1]",1.03409992433965,1.01401568241759,1.04907134208687,21,1,14,30,+ 2 %,10
"fut.lambda[24,2]",1.03449540687266,1.01316241619635,1.0497010553933,24,2,15,30,+ 2 %,15
"fut.lambda[16,6]",1.0345582379855,1.01291739919578,1.05357136527802,16,6,13,10,+ 4 %,5
"fut.lambda[5,7]",1.034659106763,1.01710780864536,1.05074596423517,5,7,1,20,+ 6 %,10
"fut.lambda[36,6]",1.0346691117753,1.01505933265148,1.05162244342705,36,6,5,30,+ 4 %,5
"fut.lambda[4,11]",1.03480098273668,1.0199474044339,1.05069310552946,4,11,1,10,+ 8 %,15
"fut.lambda[29,8]",1.03481074794453,1.01785578873869,1.0509182665549,29,8,3,20,+ 6 %,15
"fut.lambda[25,7]",1.03490625926946,1.01737849707144,1.05147232398292,25,7,2,10,+ 6 %,10
"fut.lambda[37,8]",1.03496552730929,1.01766440509305,1.05100434138891,37,8,6,10,+ 6 %,15
"fut.lambda[8,5]",1.03503322324347,1.01359008382882,1.05145565554927,8,5,10,20,+ 4 %,15
"fut.lambda[41,6]",1.03505319784527,1.01552119778684,1.05235901019731,41,6,7,20,+ 4 %,5
"fut.lambda[6,7]",1.03514043928872,1.01866541591551,1.05055484745354,6,7,1,30,+ 6 %,10
"fut.lambda[21,3]",1.03520793517211,1.01361543108675,1.05043736435077,21,3,14,30,+ 2 %,5
"fut.lambda[24,1]",1.03530919340329,1.01407728299816,1.05209622032335,24,1,15,30,+ 2 %,10
"fut.lambda[45,5]",1.03550784747723,1.01697817072084,1.05205336088134,45,5,8,30,+ 4 %,15
"fut.lambda[19,6]",1.03552598942101,1.0148892432175,1.05417281748716,19,6,14,10,+ 4 %,5
"fut.lambda[28,7]",1.03558365468746,1.01924676949778,1.05153621793477,28,7,3,10,+ 6 %,10
"fut.lambda[30,8]",1.0358858400134,1.0194601012346,1.05140944646934,30,8,3,30,+ 6 %,15
"fut.lambda[5,11]",1.03590630632881,1.02040951269405,1.05131486419703,5,11,1,20,+ 8 %,15
"fut.lambda[6,11]",1.03605797556486,1.02297151365874,1.05189237894811,6,11,1,30,+ 8 %,15
"fut.lambda[25,11]",1.03610665851605,1.02161350809583,1.05142632313191,25,11,2,10,+ 8 %,15
"fut.lambda[47,4]",1.0361086827818,1.01629685539668,1.05286411408821,47,4,9,20,+ 4 %,10
"fut.lambda[42,4]",1.03613652267419,1.01693737268179,1.05219288683283,42,4,7,30,+ 4 %,10
"fut.lambda[40,8]",1.03614701248865,1.01774875843551,1.05240742427451,40,8,7,10,+ 6 %,15
"fut.lambda[3,9]",1.03627408071309,1.02033003927107,1.05194193349623,3,9,0,30,+ 6 %,5
"fut.lambda[2,9]",1.03630894199706,1.02059162685565,1.05255098792921,2,9,0,20,+ 6 %,5
"fut.lambda[1,9]",1.03634665797767,1.01969314472317,1.05199322280326,1,9,0,10,+ 6 %,5
"fut.lambda[22,6]",1.03635150197649,1.01564384129702,1.05466289460582,22,6,15,10,+ 4 %,5
"fut.lambda[39,6]",1.03644944148884,1.0179947697748,1.05257051032796,39,6,6,30,+ 4 %,5
"fut.lambda[24,3]",1.03655093206882,1.015448062491,1.05192800851058,24,3,15,30,+ 2 %,5
"fut.lambda[44,6]",1.03659450063968,1.01676101766364,1.05330401832719,44,6,8,20,+ 4 %,5
"fut.lambda[32,8]",1.03676850263815,1.01882216784499,1.05214921242698,32,8,4,20,+ 6 %,15
"fut.lambda[1,14]",1.03678432148861,1.02256429598841,1.05342223031495,1,14,0,10,+ 10 %,15
"fut.lambda[2,14]",1.0370726869698,1.02115232587881,1.05377098076409,2,14,0,20,+ 10 %,15
"fut.lambda[3,14]",1.03709916522875,1.02290356509391,1.05354060365617,3,14,0,30,+ 10 %,15
"fut.lambda[26,7]",1.03718656607541,1.01911423015704,1.05238649395552,26,7,2,20,+ 6 %,10
"fut.lambda[11,5]",1.03720362126981,1.0150588176881,1.05322151373173,11,5,11,20,+ 4 %,15
"fut.lambda[43,8]",1.03734364738698,1.01942244755319,1.05278833221521,43,8,8,10,+ 6 %,15
"fut.lambda[28,11]",1.03735402125446,1.02244393299612,1.05308478567883,28,11,3,10,+ 8 %,15
"fut.lambda[31,7]",1.03735543053115,1.02018122864008,1.05243996025959,31,7,4,10,+ 6 %,10
"fut.lambda[3,10]",1.03738938412291,1.02201450015837,1.0537658598209,3,10,0,30,+ 8 %,10
"fut.lambda[2,10]",1.0374897360522,1.02296572254815,1.05379291628936,2,10,0,20,+ 8 %,10
"fut.lambda[48,5]",1.03756615489479,1.01816265318637,1.05286080196474,48,5,9,30,+ 4 %,15
"fut.lambda[8,4]",1.03757070145421,1.01718660832805,1.05506414853374,8,4,10,20,+ 4 %,10
"fut.lambda[1,10]",1.03763794699215,1.02249155667934,1.05402767374369,1,10,0,10,+ 8 %,10
"fut.lambda[27,7]",1.03775570161261,1.02135976653,1.05300853886335,27,7,2,30,+ 6 %,10
"fut.lambda[45,4]",1.03778635620767,1.01929569788253,1.05324466608145,45,4,8,30,+ 4 %,10
"fut.lambda[4,9]",1.03782129623858,1.01995124448829,1.05314409844182,4,9,1,10,+ 6 %,5
"fut.lambda[26,11]",1.03797563454562,1.02398591616675,1.05354272910964,26,11,2,20,+ 8 %,15
"fut.lambda[14,5]",1.0380550950869,1.01754508830706,1.05520846425388,14,5,12,20,+ 4 %,15
"fut.lambda[42,6]",1.03814951498078,1.01839605595189,1.05532525572965,42,6,7,30,+ 4 %,5
"fut.lambda[34,7]",1.03819792994275,1.02067644257987,1.05299668949435,34,7,5,10,+ 6 %,10
"fut.lambda[4,14]",1.03828197435895,1.02326075937687,1.05512713304086,4,14,1,10,+ 10 %,15
"fut.lambda[47,6]",1.03829648747779,1.01950831163308,1.0550462735413,47,6,9,20,+ 4 %,5
"fut.lambda[46,8]",1.03830535425823,1.02139048564957,1.05371852497455,46,8,9,10,+ 6 %,15
"fut.lambda[4,10]",1.0385652573856,1.02436288993115,1.05408628617782,4,10,1,10,+ 8 %,10
"fut.lambda[5,9]",1.03858042996765,1.02209594901201,1.05411962611139,5,9,1,20,+ 6 %,5
"fut.lambda[31,11]",1.03858045718931,1.02328497464562,1.05455695716979,31,11,4,10,+ 8 %,15
"fut.lambda[25,9]",1.03870983040294,1.02214931157516,1.05497788784268,25,9,2,10,+ 6 %,5
"fut.lambda[33,8]",1.03892898261543,1.02099518191258,1.0537186204965,33,8,4,30,+ 6 %,15
"fut.lambda[35,8]",1.03894864850527,1.02190248171123,1.05355572830982,35,8,5,20,+ 6 %,15
"fut.lambda[6,9]",1.03896624210021,1.02354065491418,1.05461461338436,6,9,1,30,+ 6 %,5
"fut.lambda[7,8]",1.03897307901557,1.02087933492847,1.05487842660607,7,8,10,10,+ 6 %,15
"fut.lambda[29,7]",1.03906878572817,1.02172616172082,1.05512956884243,29,7,3,20,+ 6 %,10
"fut.lambda[5,14]",1.03922249648467,1.02512438100322,1.05405389010689,5,14,1,20,+ 10 %,15
"fut.lambda[11,4]",1.03926391479817,1.01667756239509,1.05615747924787,11,4,11,20,+ 4 %,10
"fut.lambda[17,5]",1.0393221232816,1.01856822319516,1.05597533743608,17,5,13,20,+ 4 %,15
"fut.lambda[27,11]",1.03936006804422,1.02454039913902,1.05445058383137,27,11,2,30,+ 8 %,15
"fut.lambda[37,7]",1.03944413612235,1.02241249097999,1.05474400346693,37,7,6,10,+ 6 %,10
"fut.lambda[9,5]",1.03945720468238,1.01972020864589,1.05509006663245,9,5,10,30,+ 4 %,15
"fut.lambda[48,4]",1.0395760545602,1.02134397454764,1.05554067608818,48,4,9,30,+ 4 %,10
"fut.lambda[34,11]",1.03968398420421,1.02536653342231,1.05498348371619,34,11,5,10,+ 8 %,15
"fut.lambda[25,14]",1.03977877973191,1.02408248438536,1.05659088658966,25,14,2,10,+ 10 %,15
"fut.lambda[28,9]",1.03988848904032,1.02285051761257,1.05616209772821,28,9,3,10,+ 6 %,5
"fut.lambda[8,6]",1.03990052566673,1.01872784952742,1.0560099043552,8,6,10,20,+ 4 %,5
"fut.lambda[25,10]",1.04002436210318,1.02483995309155,1.055023153791,25,10,2,10,+ 8 %,10
"fut.lambda[5,10]",1.04009665786761,1.02583619343223,1.05529109181028,5,10,1,20,+ 8 %,10
"fut.lambda[6,14]",1.04016499925938,1.025282470169,1.05610566565604,6,14,1,30,+ 10 %,15
"fut.lambda[2,13]",1.04020488044538,1.02522997394115,1.05761456962795,2,13,0,20,+ 10 %,10
"fut.lambda[45,6]",1.04027860723293,1.02109156448704,1.05571394425491,45,6,8,30,+ 4 %,5
"fut.lambda[14,4]",1.04031605640924,1.02042389242258,1.05706730303819,14,4,12,20,+ 4 %,10
"fut.lambda[30,7]",1.04041312817133,1.02462316650691,1.05560942597154,30,7,3,30,+ 6 %,10
"fut.lambda[29,11]",1.04048385475864,1.02526071208821,1.05578026905951,29,11,3,20,+ 8 %,15
"fut.lambda[6,10]",1.04049562571252,1.02594103710698,1.05593395807427,6,10,1,30,+ 8 %,10
"fut.lambda[26,9]",1.04050510419779,1.02468268490023,1.0558245341314,26,9,2,20,+ 6 %,5
"fut.lambda[1,13]",1.04056178516804,1.02555754844943,1.05690078031774,1,13,0,10,+ 10 %,10
"fut.lambda[3,13]",1.04056503831098,1.02598330526899,1.05680586614706,3,13,0,30,+ 10 %,10
"fut.lambda[20,5]",1.04060667644415,1.01990702704304,1.05696295633699,20,5,14,20,+ 4 %,15
"fut.lambda[10,8]",1.04065567350358,1.02209974847442,1.05650348908091,10,8,11,10,+ 6 %,15
"fut.lambda[40,7]",1.04071361916654,1.02427486037932,1.05654588110651,40,7,7,10,+ 6 %,10
"fut.lambda[28,14]",1.04075199850671,1.02536154712447,1.05586687074152,28,14,3,10,+ 10 %,15
"fut.lambda[38,8]",1.04083389777927,1.02312339230927,1.0562575824221,38,8,6,20,+ 6 %,15
"fut.lambda[37,11]",1.0408807432488,1.02547313329775,1.056370575776,37,11,6,10,+ 8 %,15
"fut.lambda[31,9]",1.04105645424543,1.02440335613851,1.05680148406489,31,9,4,10,+ 6 %,5
"fut.lambda[12,5]",1.04105971139508,1.0220843672835,1.05700565627252,12,5,11,30,+ 4 %,15
"fut.lambda[13,8]",1.04112649867822,1.02282096092704,1.05754594234264,13,8,12,10,+ 6 %,15
"fut.lambda[32,7]",1.0411719993981,1.02396627112212,1.05627560776983,32,7,4,20,+ 6 %,10
"fut.lambda[2,12]",1.04122299877569,1.02613821165278,1.05750721340412,2,12,0,20,+ 8 %,5
"fut.lambda[36,8]",1.04128516877445,1.02515998528583,1.05611067277894,36,8,5,30,+ 6 %,15
"fut.lambda[4,13]",1.04131628982322,1.02629928489548,1.05819608961788,4,13,1,10,+ 10 %,10
"fut.lambda[3,12]",1.04137799256725,1.02602300016077,1.05643832870135,3,12,0,30,+ 8 %,5
"fut.lambda[28,10]",1.04146515678316,1.02640089858932,1.05649699184662,28,10,3,10,+ 8 %,10
"fut.lambda[1,12]",1.04157173930836,1.02707775839793,1.05714305835084,1,12,0,10,+ 8 %,5
"fut.lambda[31,14]",1.04159351846251,1.02653148194719,1.05796823075105,31,14,4,10,+ 10 %,15
"fut.lambda[11,6]",1.04160833767127,1.02103713655593,1.05822691144877,11,6,11,20,+ 4 %,5
"fut.lambda[27,9]",1.04163479010327,1.02580916528278,1.05677415369892,27,9,2,30,+ 6 %,5
"fut.lambda[9,4]",1.04164166072755,1.02112446714787,1.0580972233254,9,4,10,30,+ 4 %,10
"fut.lambda[17,4]",1.0417259337709,1.02005514073665,1.05944763654079,17,4,13,20,+ 4 %,10
"fut.lambda[26,14]",1.04178185791401,1.02666919810647,1.05701660007455,26,14,2,20,+ 10 %,15
"fut.lambda[43,7]",1.04186018531774,1.02375659024751,1.05667163835079,43,7,8,10,+ 6 %,10
"fut.lambda[26,10]",1.04191780885101,1.02791442045782,1.05693767227813,26,10,2,20,+ 8 %,10
"fut.lambda[30,11]",1.0419537823009,1.02780684549184,1.05737368707868,30,11,3,30,+ 8 %,15
"fut.lambda[16,8]",1.04196550474869,1.0241031788715,1.05830374383119,16,8,13,10,+ 6 %,15
"fut.lambda[48,6]",1.0420300974409,1.02241026589602,1.05907479205251,48,6,9,30,+ 4 %,5
"fut.lambda[23,5]",1.04205595874737,1.02115409076398,1.05826541643708,23,5,15,20,+ 4 %,15
"fut.lambda[34,9]",1.04225455190438,1.02712019237206,1.05833744752944,34,9,5,10,+ 6 %,5
"fut.lambda[40,11]",1.04231371578325,1.02685014792399,1.05664507612359,40,11,7,10,+ 8 %,15
"fut.lambda[46,7]",1.04236202795776,1.02517657736138,1.05789521949134,46,7,9,10,+ 6 %,10
"fut.lambda[41,8]",1.04243346115472,1.02411454560896,1.05778933472722,41,8,7,20,+ 6 %,15
"fut.lambda[32,11]",1.042527823756,1.02818210306946,1.05787902978209,32,11,4,20,+ 8 %,15
"fut.lambda[31,10]",1.04255651902083,1.02820139404651,1.05768471352535,31,10,4,10,+ 8 %,10
"fut.lambda[4,12]",1.04264682535505,1.02823925639897,1.05873782065073,4,12,1,10,+ 8 %,5
"fut.lambda[27,14]",1.04265330041773,1.0279586907503,1.05766696307909,27,14,2,30,+ 10 %,15
"fut.lambda[15,5]",1.04267231005394,1.02307913793735,1.05920021285264,15,5,12,30,+ 4 %,15
"fut.lambda[33,7]",1.04267562575407,1.02477918248693,1.05681897072437,33,7,4,30,+ 6 %,10
"fut.lambda[29,9]",1.04278905970791,1.026902562772,1.05749029833014,29,9,3,20,+ 6 %,5
"fut.lambda[5,13]",1.04283722359406,1.02802857742984,1.05867971874091,5,13,1,20,+ 10 %,10
"fut.lambda[14,6]",1.04284135291943,1.02315921921033,1.05919177163445,14,6,12,20,+ 4 %,5
"fut.lambda[25,13]",1.04289824814493,1.02852821370101,1.05937401471905,25,13,2,10,+ 10 %,10
"fut.lambda[19,8]",1.04296203201957,1.02447063662677,1.05979403407794,19,8,14,10,+ 6 %,15
"fut.lambda[6,13]",1.04296326437822,1.02796253144342,1.058932762331,6,13,1,30,+ 10 %,10
"fut.lambda[43,11]",1.04308590767886,1.02759635087223,1.05835333049633,43,11,8,10,+ 8 %,15
"fut.lambda[35,7]",1.04309030134177,1.02647841490205,1.05769947067807,35,7,5,20,+ 6 %,10
"fut.lambda[20,4]",1.04321513086371,1.02162728442416,1.05881934182625,20,4,14,20,+ 4 %,10
"fut.lambda[27,10]",1.04323649778719,1.02837693273457,1.05758408451819,27,10,2,30,+ 8 %,10
"fut.lambda[7,7]",1.04326171718642,1.02430778045437,1.05976968105901,7,7,10,10,+ 6 %,10
"fut.lambda[39,8]",1.0433131897176,1.02558146709775,1.05853657957209,39,8,6,30,+ 6 %,15
"fut.lambda[34,14]",1.04340270888374,1.02810832328933,1.05819420231201,34,14,5,10,+ 10 %,15
"fut.lambda[2,15]",1.04344373117188,1.02806863122355,1.06081758590071,2,15,0,20,+ 10 %,5
"fut.lambda[37,9]",1.04345201477889,1.0263443264795,1.05855284535182,37,9,6,10,+ 6 %,5
"fut.lambda[25,12]",1.04354937287657,1.02921127985086,1.05967153465874,25,12,2,10,+ 8 %,5
"fut.lambda[9,6]",1.04368743599594,1.02472573656353,1.05920233157504,9,6,10,30,+ 4 %,5
"fut.lambda[29,14]",1.04369220523799,1.02871555075035,1.05822037374867,29,14,3,20,+ 10 %,15
"fut.lambda[12,4]",1.04372830833593,1.02396703835744,1.06030476913417,12,4,11,30,+ 4 %,10
"fut.lambda[34,10]",1.04374108946366,1.02967442273588,1.05952060533467,34,10,5,10,+ 8 %,10
"fut.lambda[5,12]",1.04375257038593,1.02891216295314,1.0593245086498,5,12,1,20,+ 8 %,5
"fut.lambda[1,15]",1.04384212924136,1.02808578214596,1.05904855553237,1,15,0,10,+ 10 %,5
"fut.lambda[29,10]",1.04389027439308,1.03046747002875,1.05921000477939,29,10,3,20,+ 8 %,10
"fut.lambda[3,15]",1.04392405003859,1.02923990114508,1.06057746973574,3,15,0,30,+ 10 %,5
"fut.lambda[30,9]",1.04395557623286,1.02795333388353,1.05882956546097,30,9,3,30,+ 6 %,5
"fut.lambda[28,13]",1.04405325959975,1.02983892652158,1.05905073032834,28,13,3,10,+ 10 %,10
"fut.lambda[6,12]",1.04410914368681,1.03017593919205,1.06030559225218,6,12,1,30,+ 8 %,5
"fut.lambda[46,11]",1.04411494162789,1.02842644903453,1.05981428772829,46,11,9,10,+ 8 %,15
"fut.lambda[35,11]",1.04414748012391,1.02957716411911,1.0592708508306,35,11,5,20,+ 8 %,15
"fut.lambda[37,14]",1.04419413267063,1.0292866067748,1.05902374215435,37,14,6,10,+ 10 %,15
"fut.lambda[17,6]",1.04419817578067,1.02289998506199,1.06041842988617,17,6,13,20,+ 4 %,5
"fut.lambda[22,8]",1.04423778316536,1.02398178467132,1.06002703773877,22,8,15,10,+ 6 %,15
"fut.lambda[18,5]",1.04436044708952,1.02456936411354,1.06010383339689,18,5,13,30,+ 4 %,15
"fut.lambda[44,8]",1.04441185599763,1.02685464563142,1.05853439744319,44,8,8,20,+ 6 %,15
"fut.lambda[37,10]",1.04443448812191,1.02966193119633,1.05939304500795,37,10,6,10,+ 8 %,10
"fut.lambda[33,11]",1.04445402555446,1.02866869569787,1.05964467335749,33,11,4,30,+ 8 %,15
"fut.lambda[23,4]",1.04450822707808,1.02444871611871,1.06119469849301,23,4,15,20,+ 4 %,10
"fut.lambda[38,7]",1.04461279584499,1.02594137356337,1.05967017689108,38,7,6,20,+ 6 %,10
"fut.lambda[40,9]",1.04465987611132,1.02899780703094,1.06004120465644,40,9,7,10,+ 6 %,5
"fut.lambda[10,7]",1.04475161053248,1.02752693923069,1.05943493445014,10,7,11,10,+ 6 %,10
"fut.lambda[32,9]",1.04476201305388,1.02803446188,1.06034155511574,32,9,4,20,+ 6 %,5
"fut.lambda[36,7]",1.04493821535745,1.02774638068438,1.05952513399539,36,7,5,30,+ 6 %,10
"fut.lambda[28,12]",1.04494025899196,1.03044529524835,1.06047275641551,28,12,3,10,+ 8 %,5
"fut.lambda[20,6]",1.04502405461133,1.02467044419212,1.06179212329326,20,6,14,20,+ 4 %,5
"fut.lambda[4,15]",1.04503788425238,1.02990484820802,1.06141650796171,4,15,1,10,+ 10 %,5
"fut.lambda[7,11]",1.04504582759846,1.02967549241858,1.06018714684401,7,11,10,10,+ 8 %,15
"fut.lambda[26,13]",1.04504925404092,1.0292679363743,1.06008264709154,26,13,2,20,+ 10 %,10
"fut.lambda[30,14]",1.045052194455,1.03162538042742,1.06000501280392,30,14,3,30,+ 10 %,15
"fut.lambda[31,13]",1.04515951311228,1.03087113623444,1.06134676278233,31,13,4,10,+ 10 %,10
"fut.lambda[40,14]",1.04525984354191,1.03009835996579,1.06022804867287,40,14,7,10,+ 10 %,15
"fut.lambda[32,14]",1.04532090750634,1.03100925477783,1.05972958650642,32,14,4,20,+ 10 %,15
"fut.lambda[12,6]",1.04538654530979,1.025505123479,1.06136373902159,12,6,11,30,+ 4 %,5
"fut.lambda[15,4]",1.04551768836977,1.0252616428133,1.06100725533268,15,4,12,30,+ 4 %,10
"fut.lambda[30,10]",1.04552493178302,1.03058074347158,1.06025581430717,30,10,3,30,+ 8 %,10
"fut.lambda[13,7]",1.04559198260783,1.0268913975453,1.06088002720891,13,7,12,10,+ 6 %,10
"fut.lambda[43,9]",1.04559909770952,1.02949015673396,1.06070837922268,43,9,8,10,+ 6 %,5
"fut.lambda[27,13]",1.04584419650604,1.03152332490235,1.06122088544638,27,13,2,30,+ 10 %,10
"fut.lambda[26,12]",1.04585606328253,1.03048077550235,1.06113970884577,26,12,2,20,+ 8 %,5
"fut.lambda[42,8]",1.04588364690256,1.02879587188045,1.06034733012127,42,8,7,30,+ 6 %,15
"fut.lambda[47,8]",1.04588413876682,1.0288878250138,1.06107540148311,47,8,9,20,+ 6 %,15
"fut.lambda[40,10]",1.04594354113663,1.03168727614223,1.06171223931682,40,10,7,10,+ 8 %,10
"fut.lambda[33,9]",1.0459872718219,1.03068771120808,1.06174193528136,33,9,4,30,+ 6 %,5
"fut.lambda[43,14]",1.04610557839661,1.03082362456041,1.06179697166997,43,14,8,10,+ 10 %,15
"fut.lambda[5,15]",1.0461209624504,1.0308303360287,1.06219168491144,5,15,1,20,+ 10 %,5
"fut.lambda[21,5]",1.04612770932407,1.02662924151421,1.06183903394893,21,5,14,30,+ 4 %,15
"fut.lambda[32,10]",1.04613181735344,1.03106061558316,1.0604631805995,32,10,4,20,+ 8 %,10
"fut.lambda[31,12]",1.0461561465511,1.03076857339336,1.0623386525705,31,12,4,10,+ 8 %,5
"fut.lambda[10,11]",1.04615768264403,1.02995236300001,1.06193454616083,10,11,11,10,+ 8 %,15
"fut.lambda[6,15]",1.04620809214782,1.03179980520264,1.06277959325365,6,15,1,30,+ 10 %,5
"fut.lambda[36,11]",1.04634919903143,1.032192958043,1.0600228694359,36,11,5,30,+ 8 %,15
"fut.lambda[16,7]",1.04638214261145,1.02820175205603,1.06199288751261,16,7,13,10,+ 6 %,10
"fut.lambda[46,9]",1.04645610017877,1.02991365531229,1.06157219920236,46,9,9,10,+ 6 %,5
"fut.lambda[27,12]",1.0464762414832,1.03251253640386,1.06150705159117,27,12,2,30,+ 8 %,5
"fut.lambda[18,4]",1.04648317731215,1.02729367135419,1.06251436145165,18,4,13,30,+ 4 %,10
"fut.lambda[41,7]",1.04650892115363,1.02882933255041,1.06132125015676,41,7,7,20,+ 6 %,10
"fut.lambda[38,11]",1.04653900440794,1.031243764806,1.06011094919227,38,11,6,20,+ 8 %,15
"fut.lambda[34,13]",1.04658913291674,1.03084087746726,1.06303459785122,34,13,5,10,+ 10 %,10
"fut.lambda[23,6]",1.04664119163192,1.02575405897699,1.06328453013815,23,6,15,20,+ 4 %,5
"fut.lambda[25,15]",1.04665959380593,1.03162562246493,1.06252811084844,25,15,2,10,+ 10 %,5
"fut.lambda[43,10]",1.04668161143875,1.03157025548111,1.0623271851803,43,10,8,10,+ 8 %,10
"fut.lambda[35,9]",1.04669998810334,1.03023810989989,1.06154395364386,35,9,5,20,+ 6 %,5
"fut.lambda[15,6]",1.0468009665662,1.02566638072004,1.06318049611997,15,6,12,30,+ 4 %,5
"fut.lambda[34,12]",1.04690372491863,1.03209156562006,1.06265807325601,34,12,5,10,+ 8 %,5
"fut.lambda[13,11]",1.04691213713252,1.03247152702758,1.06317882268729,13,11,12,10,+ 8 %,15
"fut.lambda[29,13]",1.04702209039168,1.03167782161207,1.06251282541744,29,13,3,20,+ 10 %,10
"fut.lambda[28,15]",1.04717259785208,1.03205085108494,1.06321832058828,28,15,3,10,+ 10 %,5
"fut.lambda[39,7]",1.0472129219954,1.02981380011542,1.06165288595769,39,7,6,30,+ 6 %,10
"fut.lambda[19,7]",1.04728793490294,1.02941898098454,1.06245763552729,19,7,14,10,+ 6 %,10
"fut.lambda[46,14]",1.04734114813452,1.03147106894482,1.06292969617857,46,14,9,10,+ 10 %,15
"fut.lambda[33,14]",1.04740596377443,1.03246226393503,1.06189030872265,33,14,4,30,+ 10 %,15
"fut.lambda[45,8]",1.04747415916014,1.02988383313617,1.06192545108083,45,8,8,30,+ 6 %,15
"fut.lambda[24,5]",1.04755046870598,1.02657816513464,1.06425147018667,24,5,15,30,+ 4 %,15
"fut.lambda[7,9]",1.04755994572386,1.03098333486007,1.06330032287478,7,9,10,10,+ 6 %,5
"fut.lambda[29,12]",1.04760054745571,1.03335030155878,1.06275172909306,29,12,3,20,+ 8 %,5
"fut.lambda[8,8]",1.04764247960403,1.02929724125217,1.06206760556266,8,8,10,20,+ 6 %,15
"fut.lambda[33,10]",1.04765806851572,1.03325104013483,1.06273245976793,33,10,4,30,+ 8 %,10
"fut.lambda[35,14]",1.04773188981064,1.03151315547762,1.0621801120352,35,14,5,20,+ 10 %,15
"fut.lambda[26,15]",1.04776165373906,1.03389698576573,1.06338651044456,26,15,2,20,+ 10 %,5
"fut.lambda[30,13]",1.04776639335226,1.03279246183204,1.06377027265911,30,13,3,30,+ 10 %,10
"fut.lambda[44,7]",1.04778268639604,1.03014797466401,1.06326070062979,44,7,8,20,+ 6 %,10
"fut.lambda[37,13]",1.04778298817728,1.0316763903404,1.06244507665621,37,13,6,10,+ 10 %,10
"fut.lambda[16,11]",1.04783296673233,1.03136956355982,1.06358650999199,16,11,13,10,+ 8 %,15
"fut.lambda[31,15]",1.04793615196189,1.0327962270151,1.06553057193417,31,15,4,10,+ 10 %,5
"fut.lambda[46,10]",1.04807951116954,1.03278631390577,1.06312744836937,46,10,9,10,+ 8 %,10
"fut.lambda[41,11]",1.04808258775959,1.03265269363283,1.06288886363201,41,11,7,20,+ 8 %,15
"fut.lambda[22,7]",1.04813928078759,1.03046855530406,1.0645222764411,22,7,15,10,+ 6 %,10
"fut.lambda[35,10]",1.04814151398712,1.0333654520516,1.06227823234217,35,10,5,20,+ 8 %,10
"fut.lambda[7,14]",1.0481711815751,1.03287615118313,1.06299859426755,7,14,10,10,+ 10 %,15
"fut.lambda[37,12]",1.04822655969235,1.03355192189074,1.06446443874092,37,12,6,10,+ 8 %,5
"fut.lambda[10,9]",1.04831177532777,1.0321961863828,1.06369091573349,10,9,11,10,+ 6 %,5
"fut.lambda[21,4]",1.04837669304639,1.02824716727359,1.06534001158867,21,4,14,30,+ 4 %,10
"fut.lambda[38,9]",1.04841081764962,1.0322886899222,1.06282882728435,38,9,6,20,+ 6 %,5
"fut.lambda[18,6]",1.04851410045706,1.02708783526598,1.06396192943767,18,6,13,30,+ 4 %,5
"fut.lambda[27,15]",1.0485175351192,1.03432048514584,1.06460992652923,27,15,2,30,+ 10 %,5
"fut.lambda[30,12]",1.04860373934973,1.03305163821102,1.06344052733425,30,12,3,30,+ 8 %,5
"fut.lambda[40,13]",1.0487747863822,1.03323920321287,1.06410709706026,40,13,7,10,+ 10 %,10
"fut.lambda[11,8]",1.04880698039448,1.03193682253599,1.06344511424643,11,8,11,20,+ 6 %,15
"fut.lambda[32,13]",1.0488170497433,1.03348063164765,1.06314988040233,32,13,4,20,+ 10 %,10
"fut.lambda[39,11]",1.04884521736485,1.0333187119801,1.06315295137517,39,11,6,30,+ 8 %,15
"fut.lambda[19,11]",1.04889722160171,1.03249089762973,1.06486879780642,19,11,14,10,+ 8 %,15
"fut.lambda[36,9]",1.04901885124198,1.03252942860742,1.06341186369372,36,9,5,30,+ 6 %,5
"fut.lambda[7,10]",1.04909504459658,1.03378957069581,1.06414204466569,7,10,10,10,+ 8 %,10
"fut.lambda[42,7]",1.04911891960087,1.03161205205711,1.06329723018657,42,7,7,30,+ 6 %,10
"fut.lambda[48,8]",1.04921802847864,1.03185820678591,1.06420196456243,48,8,9,30,+ 6 %,15
"fut.lambda[38,14]",1.04925989486684,1.03482869532118,1.06402514415951,38,14,6,20,+ 10 %,15
"fut.lambda[13,9]",1.04936640315647,1.03221344139144,1.06496634091705,13,9,12,10,+ 6 %,5
"fut.lambda[10,14]",1.04936836892256,1.03435380611395,1.06507332411796,10,14,11,10,+ 10 %,15
"fut.lambda[41,9]",1.04951436871116,1.03321861355865,1.06418362323579,41,9,7,20,+ 6 %,5
"fut.lambda[29,15]",1.04956401581724,1.03456916862864,1.0666376464674,29,15,3,20,+ 10 %,5
"fut.lambda[32,12]",1.04959112430841,1.03450944436569,1.06454610437624,32,12,4,20,+ 8 %,5
"fut.lambda[36,10]",1.04961919873597,1.0354108010966,1.06534089858306,36,10,5,30,+ 8 %,10
"fut.lambda[24,4]",1.04963053047513,1.02964001500788,1.06555437398614,24,4,15,30,+ 4 %,10
"fut.lambda[36,14]",1.04965547891509,1.03393036802317,1.06426876480079,36,14,5,30,+ 10 %,15
"fut.lambda[34,15]",1.04969855903224,1.03379511552126,1.06569991950379,34,15,5,10,+ 10 %,5
"fut.lambda[22,11]",1.04970740127877,1.03258820090979,1.06480452034089,22,11,15,10,+ 8 %,15
"fut.lambda[40,12]",1.0497113775066,1.03443455850669,1.06378907108513,40,12,7,10,+ 8 %,5
"fut.lambda[47,7]",1.0497439744473,1.03209238868987,1.06424275271459,47,7,9,20,+ 6 %,10
"fut.lambda[43,13]",1.04990801125649,1.03401371364856,1.06527842923468,43,13,8,10,+ 10 %,10
"fut.lambda[33,13]",1.04991343000765,1.03510396924146,1.06482386291173,33,13,4,30,+ 10 %,10
"fut.lambda[16,9]",1.04995754467265,1.03346066637962,1.06564912278,16,9,13,10,+ 6 %,5
"fut.lambda[10,10]",1.05001816173614,1.0343548032144,1.06483754507825,10,10,11,10,+ 8 %,10
"fut.lambda[44,11]",1.05004178536437,1.03401341209383,1.06487876110481,44,11,8,20,+ 8 %,15
"fut.lambda[38,10]",1.05009419238933,1.0356145871032,1.06527182946416,38,10,6,20,+ 8 %,10
"fut.lambda[46,13]",1.05011314741537,1.03497151894083,1.06625883314451,46,13,9,10,+ 10 %,10
"fut.lambda[35,13]",1.05013598211599,1.03559112610723,1.06618506151505,35,13,5,20,+ 10 %,10
"fut.lambda[43,12]",1.05019480190391,1.03530484663323,1.06612558636134,43,12,8,10,+ 8 %,5
"fut.lambda[39,9]",1.05025080960434,1.03336668128766,1.06422576875512,39,9,6,30,+ 6 %,5
"fut.lambda[21,6]",1.05031599433861,1.0308402119653,1.06541513103404,21,6,14,30,+ 4 %,5
"fut.lambda[37,15]",1.05037651988267,1.03573427035315,1.06640860067589,37,15,6,10,+ 10 %,5
"fut.lambda[13,10]",1.0504880534998,1.03534937451752,1.06536239831236,13,10,12,10,+ 8 %,10
"fut.lambda[14,8]",1.05050216739423,1.03091313541547,1.06563308195932,14,8,12,20,+ 6 %,15
"fut.lambda[13,14]",1.05053344835659,1.03430427153746,1.06565087359575,13,14,12,10,+ 10 %,15
"fut.lambda[41,14]",1.05078230001031,1.03508652303248,1.06614221755762,41,14,7,20,+ 10 %,15
"fut.lambda[46,12]",1.05081695442366,1.03562881755666,1.0662098598931,46,12,9,10,+ 8 %,5
"fut.lambda[19,9]",1.05082274300491,1.03353634683618,1.06641676621443,19,9,14,10,+ 6 %,5
"fut.lambda[42,11]",1.05091736908462,1.0359587373848,1.06493659207327,42,11,7,30,+ 8 %,15
"fut.lambda[33,12]",1.05097187538843,1.03653887274571,1.06609964335147,33,12,4,30,+ 8 %,5
"fut.lambda[9,8]",1.05097876413128,1.03207575763243,1.06539283839455,9,8,10,30,+ 6 %,15
"fut.lambda[45,7]",1.05108312666402,1.03432879834573,1.06538896159562,45,7,8,30,+ 6 %,10
"fut.lambda[30,15]",1.05110285151857,1.03604193792592,1.066398727862,30,15,3,30,+ 10 %,5
"fut.lambda[47,11]",1.05113367068454,1.03602644581257,1.06597887659397,47,11,9,20,+ 8 %,15
"fut.lambda[24,6]",1.05115638956124,1.03005369065411,1.06682182020925,24,6,15,30,+ 4 %,5
"fut.lambda[8,7]",1.05124268550253,1.03421289963924,1.06605900378359,8,7,10,20,+ 6 %,10
"fut.lambda[16,14]",1.05125598738355,1.03475132429915,1.06721338323883,16,14,13,10,+ 10 %,15
"fut.lambda[44,9]",1.05125937885099,1.035403890337,1.0659964901285,44,9,8,20,+ 6 %,5
"fut.lambda[41,10]",1.05142068323141,1.03752069291886,1.06546307015626,41,10,7,20,+ 8 %,10
"fut.lambda[32,15]",1.05143129896738,1.03669976760881,1.06671091185807,32,15,4,20,+ 10 %,5
"fut.lambda[35,12]",1.05148602240045,1.03667158175082,1.0667812933058,35,12,5,20,+ 8 %,5
"fut.lambda[39,14]",1.05152734309821,1.03604906271487,1.06634303665911,39,14,6,30,+ 10 %,15
"fut.lambda[16,10]",1.05155605753279,1.03562357003439,1.06659163342092,16,10,13,10,+ 8 %,10
"fut.lambda[7,13]",1.05157926490503,1.03636722273111,1.06739526134286,7,13,10,10,+ 10 %,10
"fut.lambda[40,15]",1.05182419476985,1.036352343803,1.06785288737743,40,15,7,10,+ 10 %,5
"fut.lambda[39,10]",1.05186557316429,1.03598274906216,1.06698927212122,39,10,6,30,+ 8 %,10
"fut.lambda[22,9]",1.05204220161131,1.0336818314074,1.06704684186966,22,9,15,10,+ 6 %,5
"fut.lambda[7,12]",1.05211321154046,1.03725936808376,1.06768307838511,7,12,10,10,+ 8 %,5
"fut.lambda[19,14]",1.05216463908562,1.03646490132008,1.06726203740911,19,14,14,10,+ 10 %,15
"fut.lambda[38,13]",1.05217423733511,1.03775193842531,1.06810413474608,38,13,6,20,+ 10 %,10
"fut.lambda[17,8]",1.05217840406973,1.03306162443971,1.06681389499658,17,8,13,20,+ 6 %,15
"fut.lambda[19,10]",1.05227496813046,1.03697469559722,1.06845859130963,19,10,14,10,+ 8 %,10
"fut.lambda[11,7]",1.05235408048146,1.03445417996156,1.06800485333354,11,7,11,20,+ 6 %,10
"fut.lambda[36,13]",1.05238038128931,1.03831999495265,1.06736999451894,36,13,5,30,+ 10 %,10
"fut.lambda[43,15]",1.05246745651651,1.0373230543843,1.06799388419482,43,15,8,10,+ 10 %,5
"fut.lambda[48,7]",1.05251734047168,1.03488372923218,1.0669047805381,48,7,9,30,+ 6 %,10
"fut.lambda[38,12]",1.05252065654731,1.03744320207188,1.06800841098098,38,12,6,20,+ 8 %,5
"fut.lambda[44,14]",1.05259655297148,1.03757149563492,1.06817050079768,44,14,8,20,+ 10 %,15
"fut.lambda[36,12]",1.05264549660768,1.03876939620444,1.06798812303256,36,12,5,30,+ 8 %,5
"fut.lambda[10,13]",1.05264687745005,1.03611338475998,1.06807738438012,10,13,11,10,+ 10 %,10
"fut.lambda[42,9]",1.05264949796128,1.0358542775516,1.06654557841662,42,9,7,30,+ 6 %,5
"fut.lambda[22,14]",1.05272617472715,1.03601628272988,1.06843981626325,22,14,15,10,+ 10 %,15
"fut.lambda[45,11]",1.05277100471305,1.03756348270762,1.06753472018011,45,11,8,30,+ 8 %,15
"fut.lambda[8,11]",1.05286691158142,1.03674754585565,1.06803200278616,8,11,10,20,+ 8 %,15
"fut.lambda[12,8]",1.05287282643564,1.03431604903761,1.06749195324943,12,8,11,30,+ 6 %,15
"fut.lambda[44,10]",1.05290412136192,1.03704095799645,1.06794617988237,44,10,8,20,+ 8 %,10
"fut.lambda[47,9]",1.05298840654365,1.03551560888693,1.06734690776542,47,9,9,20,+ 6 %,5
"fut.lambda[10,12]",1.05310353435867,1.0387192578289,1.06896274332531,10,12,11,10,+ 8 %,5
"fut.lambda[20,8]",1.05314116347504,1.03461455635591,1.06779246325829,20,8,14,20,+ 6 %,15
"fut.lambda[33,15]",1.05327218864916,1.03849287806314,1.06905884793274,33,15,4,30,+ 10 %,5
"fut.lambda[46,15]",1.05346281815097,1.0367234387561,1.06974353007787,46,15,9,10,+ 10 %,5
"fut.lambda[35,15]",1.05346343672411,1.0374178773644,1.06912148666366,35,15,5,20,+ 10 %,5
"fut.lambda[22,10]",1.05351546616954,1.03723952762184,1.06873753117928,22,10,15,10,+ 8 %,10
"fut.lambda[13,13]",1.05353417679866,1.03841401716704,1.06977222259671,13,13,12,10,+ 10 %,10
"fut.lambda[42,10]",1.05369240348186,1.03849713138285,1.06883754679604,42,10,7,30,+ 8 %,10
"fut.lambda[47,14]",1.05369292580429,1.03827491386364,1.06884999725821,47,14,9,20,+ 10 %,15
"fut.lambda[42,14]",1.05373861903364,1.03762139405436,1.06784870187399,42,14,7,30,+ 10 %,15
"fut.lambda[41,13]",1.05394977326564,1.03831298206535,1.06873282188726,41,13,7,20,+ 10 %,10
"fut.lambda[14,7]",1.05404120623688,1.03644270710871,1.06870317493247,14,7,12,20,+ 6 %,10
"fut.lambda[45,9]",1.05407316017896,1.03754202907641,1.06805072984915,45,9,8,30,+ 6 %,5
"fut.lambda[41,12]",1.05411749706279,1.0391930778016,1.06967927983678,41,12,7,20,+ 8 %,5
"fut.lambda[16,13]",1.05422290869128,1.03773666907234,1.07015202963228,16,13,13,10,+ 10 %,10
"fut.lambda[8,9]",1.05427855642378,1.03787005456515,1.06877707891176,8,9,10,20,+ 6 %,5
"fut.lambda[7,15]",1.05431887355905,1.0393001244879,1.07043683778905,7,15,10,10,+ 10 %,5
"fut.lambda[13,12]",1.05437866332824,1.03813066481754,1.06933997625218,13,12,12,10,+ 8 %,5
"fut.lambda[11,11]",1.0545106583826,1.03819530404643,1.0690224747398,11,11,11,20,+ 8 %,15
"fut.lambda[15,8]",1.05458137344073,1.03651703839761,1.069118143615,15,8,12,30,+ 6 %,15
"fut.lambda[39,13]",1.05458464947974,1.03919749487876,1.06895804390266,39,13,6,30,+ 10 %,10
"fut.lambda[23,8]",1.05459449071746,1.0350816412427,1.06945808457757,23,8,15,20,+ 6 %,15
"fut.lambda[39,12]",1.05470783967725,1.04033224682152,1.06926699819748,39,12,6,30,+ 8 %,5
"fut.lambda[47,10]",1.05473398155715,1.03933055049758,1.06891498503994,47,10,9,20,+ 8 %,10
"fut.lambda[48,11]",1.05473926789466,1.03856353698129,1.06830404282324,48,11,9,30,+ 8 %,15
"fut.lambda[36,15]",1.0547705429844,1.04067789084125,1.06997929505591,36,15,5,30,+ 10 %,5
"fut.lambda[19,13]",1.054774524233,1.03910332043057,1.07130726181123,19,13,14,10,+ 10 %,10
"fut.lambda[9,7]",1.05479435449826,1.03534666267885,1.0682276676302,9,7,10,30,+ 6 %,10
"fut.lambda[38,15]",1.05493459221261,1.04042677640025,1.07073902361713,38,15,6,20,+ 10 %,5
"fut.lambda[10,15]",1.05515867697783,1.03950044584375,1.07104067532112,10,15,11,10,+ 10 %,5
"fut.lambda[16,12]",1.05518644981706,1.0387013204077,1.07041053898687,16,12,13,10,+ 8 %,5
"fut.lambda[44,13]",1.05540956375733,1.04036131918503,1.07065607164689,44,13,8,20,+ 10 %,10
"fut.lambda[17,7]",1.05542110290166,1.03600386353984,1.07054895547548,17,7,13,20,+ 6 %,10
"fut.lambda[19,12]",1.05558633088121,1.04023518306525,1.07162424033882,19,12,14,10,+ 8 %,5
"fut.lambda[45,10]",1.05559511962869,1.04120781816489,1.06927131643834,45,10,8,30,+ 8 %,10
"fut.lambda[11,9]",1.05565840488503,1.03844498703027,1.06967407216872,11,9,11,20,+ 6 %,5
"fut.lambda[44,12]",1.05570407475852,1.03953372376986,1.07096488716646,44,12,8,20,+ 8 %,5
"fut.lambda[8,14]",1.05573357830889,1.0395370079167,1.07088251270562,8,14,10,20,+ 10 %,15
"fut.lambda[48,9]",1.05576529029919,1.03889493400099,1.07024774822841,48,9,9,30,+ 6 %,5
"fut.lambda[45,14]",1.05577082199223,1.03951260148847,1.07011006001696,45,14,8,30,+ 10 %,15
"fut.lambda[14,11]",1.0558878697893,1.04005176414967,1.07007384218777,14,11,12,20,+ 8 %,15
"fut.lambda[8,10]",1.05595731183276,1.03992247005747,1.07136186948046,8,10,10,20,+ 8 %,10
"fut.lambda[12,7]",1.05606847801168,1.03782901417834,1.07095586853496,12,7,11,30,+ 6 %,10
"fut.lambda[9,11]",1.05613739893439,1.0402146903114,1.07065405153185,9,11,10,30,+ 8 %,15
"fut.lambda[42,13]",1.05621484714419,1.04085924516705,1.07104759708354,42,13,7,30,+ 10 %,10
"fut.lambda[18,8]",1.05634775743008,1.0375421981347,1.07109837950582,18,8,13,30,+ 6 %,15
"fut.lambda[41,15]",1.0563909615104,1.04179195193177,1.07193683314115,41,15,7,20,+ 10 %,5
"fut.lambda[22,12]",1.05640417848891,1.04087527668961,1.07217242470756,22,12,15,10,+ 8 %,5
"fut.lambda[22,13]",1.05641484052005,1.04020880646177,1.07152818636638,22,13,15,10,+ 10 %,10
"fut.lambda[42,12]",1.05641513680309,1.04133199250741,1.07151777494584,42,12,7,30,+ 8 %,5
"fut.lambda[20,7]",1.05670711667215,1.0394687247523,1.07065287531435,20,7,14,20,+ 6 %,10
"fut.lambda[13,15]",1.05674691236656,1.0407861121039,1.07252147062545,13,15,12,10,+ 10 %,5
"fut.lambda[14,9]",1.056964535461,1.03908216333298,1.07153920441111,14,9,12,20,+ 6 %,5
"fut.lambda[11,14]",1.0570617245347,1.04052776874275,1.07181594652565,11,14,11,20,+ 10 %,15
"fut.lambda[39,15]",1.05708460472421,1.04216560860862,1.07247685577291,39,15,6,30,+ 10 %,5
"fut.lambda[47,13]",1.05712465929635,1.04054701180815,1.07135060309333,47,13,9,20,+ 10 %,10
"fut.lambda[47,12]",1.05714719247233,1.04212173133048,1.07308282477033,47,12,9,20,+ 8 %,5
"fut.lambda[16,15]",1.05731431723205,1.04102202379902,1.07249065680262,16,15,13,10,+ 10 %,5
"fut.lambda[17,11]",1.05732562131784,1.04000333203705,1.07132384918574,17,11,13,20,+ 8 %,15
"fut.lambda[48,14]",1.05751898837237,1.04091888592531,1.07131492168321,48,14,9,30,+ 10 %,15
"fut.lambda[9,9]",1.05759011465241,1.03984184694678,1.07175015361211,9,9,10,30,+ 6 %,5
"fut.lambda[21,8]",1.05759199582716,1.03868627690083,1.07219668096334,21,8,14,30,+ 6 %,15
"fut.lambda[48,10]",1.05762737651693,1.04185784371507,1.07181467581713,48,10,9,30,+ 8 %,10
"fut.lambda[11,10]",1.05768751383021,1.04097238014921,1.07209813164549,11,10,11,20,+ 8 %,10
"fut.lambda[15,7]",1.05770994336865,1.04042639903469,1.07203212356264,15,7,12,30,+ 6 %,10
"fut.lambda[19,15]",1.05786866557737,1.04235769086445,1.07398723377486,19,15,14,10,+ 10 %,5
"fut.lambda[12,11]",1.0579216502748,1.04117392125529,1.07178956323943,12,11,11,30,+ 8 %,15
"fut.lambda[23,7]",1.05795571290001,1.03981792766678,1.07254975436624,23,7,15,20,+ 6 %,10
"fut.lambda[45,12]",1.05796580851292,1.04356013827712,1.07321780221186,45,12,8,30,+ 8 %,5
"fut.lambda[45,13]",1.05811962261624,1.042791884755,1.07338596159704,45,13,8,30,+ 10 %,10
"fut.lambda[44,15]",1.05830003917345,1.04290382838379,1.07370483652777,44,15,8,20,+ 10 %,5
"fut.lambda[17,9]",1.05836702487397,1.04036891582346,1.07302099338347,17,9,13,20,+ 6 %,5
"fut.lambda[8,13]",1.05840168516838,1.04320752723114,1.07420866360281,8,13,10,20,+ 10 %,10
"fut.lambda[14,14]",1.05845531820685,1.04178926086825,1.07345458109868,14,14,12,20,+ 10 %,15
"fut.lambda[20,11]",1.05860877558209,1.04154679678133,1.0734366658161,20,11,14,20,+ 8 %,15
"fut.lambda[9,14]",1.05879890905435,1.04282541292721,1.07377127849284,9,14,10,30,+ 10 %,15
"fut.lambda[22,15]",1.05887023277191,1.04295480019328,1.07509600471881,22,15,15,10,+ 10 %,5
"fut.lambda[18,7]",1.0589577845243,1.04067320700228,1.07366104403381,18,7,13,30,+ 6 %,10
"fut.lambda[14,10]",1.05901359319703,1.04062820558414,1.07327910357119,14,10,12,20,+ 8 %,10
"fut.lambda[42,15]",1.0590699926028,1.04334461258612,1.07321388361794,42,15,7,30,+ 10 %,5
"fut.lambda[8,12]",1.05907229244938,1.04344247745449,1.07383847487725,8,12,10,20,+ 8 %,5
"fut.lambda[12,9]",1.05916554477608,1.04234464873869,1.07371857865505,12,9,11,30,+ 6 %,5
"fut.lambda[24,8]",1.05919670918782,1.03966636841075,1.07387158261396,24,8,15,30,+ 6 %,15
"fut.lambda[9,10]",1.05940579710071,1.04189112589695,1.07316874519219,9,10,10,30,+ 8 %,10
"fut.lambda[23,11]",1.05961027348344,1.04234521268492,1.07459131750953,23,11,15,20,+ 8 %,15
"fut.lambda[48,13]",1.05970259190607,1.04419734761598,1.07417967140148,48,13,9,30,+ 10 %,10
"fut.lambda[20,9]",1.05971136342182,1.04141986075674,1.07487805055902,20,9,14,20,+ 6 %,5
"fut.lambda[47,15]",1.05972393336653,1.04369380209883,1.07455052677531,47,15,9,20,+ 10 %,5
"fut.lambda[17,14]",1.05983084024726,1.04312359100637,1.07421297522067,17,14,13,20,+ 10 %,15
"fut.lambda[15,11]",1.05997168782738,1.04210296377137,1.07352676093793,15,11,12,30,+ 8 %,15
"fut.lambda[11,13]",1.06001688350272,1.04451468163579,1.07515380261155,11,13,11,20,+ 10 %,10
"fut.lambda[48,12]",1.06003005952186,1.04494845977001,1.07447531399066,48,12,9,30,+ 8 %,5
"fut.lambda[17,10]",1.06011002995268,1.04341601053062,1.07534849245233,17,10,13,20,+ 8 %,10
"fut.lambda[11,12]",1.06037231572027,1.04358607954816,1.07536554884637,11,12,11,20,+ 8 %,5
"fut.lambda[45,15]",1.06044148219676,1.04557448342316,1.07471978598639,45,15,8,30,+ 10 %,5
"fut.lambda[15,9]",1.06049317966421,1.04281852714902,1.07483811455514,15,9,12,30,+ 6 %,5
"fut.lambda[21,7]",1.06057547256858,1.04303437825762,1.0752477242572,21,7,14,30,+ 6 %,10
"fut.lambda[12,14]",1.06061523393207,1.04393506746538,1.07504615159062,12,14,11,30,+ 10 %,15
"fut.lambda[12,10]",1.06078832478212,1.04441344823362,1.07518171924758,12,10,11,30,+ 8 %,10
"fut.lambda[23,9]",1.06092992717254,1.04275800998298,1.07601777929367,23,9,15,20,+ 6 %,5
"fut.lambda[14,12]",1.06114006731708,1.04498751156212,1.07677632872236,14,12,12,20,+ 8 %,5
"fut.lambda[8,15]",1.06117173546137,1.04506095770919,1.07652169893084,8,15,10,20,+ 10 %,5
"fut.lambda[18,11]",1.06117818435422,1.04364023666905,1.07548415707474,18,11,13,30,+ 8 %,15
"fut.lambda[14,13]",1.06127164250609,1.04512249198462,1.07664039370961,14,13,12,20,+ 10 %,10
"fut.lambda[20,14]",1.06151407028066,1.04508647935348,1.07627035652491,20,14,14,20,+ 10 %,15
"fut.lambda[20,10]",1.06159164215243,1.04396031536486,1.07638796474676,20,10,14,20,+ 8 %,10
"fut.lambda[9,12]",1.0615938121962,1.0458985257487,1.07601409007686,9,12,10,30,+ 8 %,5
"fut.lambda[9,13]",1.06181874800233,1.04497392849193,1.07590865759331,9,13,10,30,+ 10 %,10
"fut.lambda[18,9]",1.06215465728346,1.04391098374373,1.07663710274879,18,9,13,30,+ 6 %,5
"fut.lambda[11,15]",1.06216007161572,1.04640982241222,1.07763583933229,11,15,11,20,+ 10 %,5
"fut.lambda[15,14]",1.0621640534539,1.04540011852656,1.07678543815731,15,14,12,30,+ 10 %,15
"fut.lambda[24,7]",1.06225616585486,1.04403869913089,1.07642029461861,24,7,15,30,+ 6 %,10
"fut.lambda[15,10]",1.06239359125339,1.04482658872582,1.07606682891763,15,10,12,30,+ 8 %,10
"fut.lambda[21,11]",1.06243645703029,1.0446157250133,1.07676386327995,21,11,14,30,+ 8 %,15
"fut.lambda[48,15]",1.06254449414061,1.04601164597252,1.07715516462852,48,15,9,30,+ 10 %,5
"fut.lambda[23,10]",1.06259027011565,1.04628252385231,1.07739394184335,23,10,15,20,+ 8 %,10
"fut.lambda[23,14]",1.06269431075817,1.04432674766358,1.07734281517682,23,14,15,20,+ 10 %,15
"fut.lambda[17,13]",1.06274620562046,1.04542196943773,1.07795824364598,17,13,13,20,+ 10 %,10
"fut.lambda[17,12]",1.06287292742299,1.04676036262819,1.07768679880154,17,12,13,20,+ 8 %,5
"fut.lambda[12,13]",1.06300374095939,1.04676632292632,1.07763205651282,12,13,11,30,+ 10 %,10
"fut.lambda[12,12]",1.06320865030088,1.04719113085167,1.0778785674056,12,12,11,30,+ 8 %,5
"fut.lambda[21,9]",1.06331363689639,1.04474545648393,1.07705925102518,21,9,14,30,+ 6 %,5
"fut.lambda[20,12]",1.06374932657404,1.04746484624639,1.07980689128098,20,12,14,20,+ 8 %,5
"fut.lambda[9,15]",1.06380120076727,1.04820667462004,1.07865785337333,9,15,10,30,+ 10 %,5
"fut.lambda[18,14]",1.06380337138412,1.04560030441077,1.07899582255596,18,14,13,30,+ 10 %,15
"fut.lambda[24,11]",1.06382535856147,1.04618772221946,1.0786659817485,24,11,15,30,+ 8 %,15
"fut.lambda[20,13]",1.06384913252572,1.04770115411962,1.0787972497242,20,13,14,20,+ 10 %,10
"fut.lambda[14,15]",1.06390920359022,1.04741471332177,1.07837804277587,14,15,12,20,+ 10 %,5
"fut.lambda[18,10]",1.06398976109346,1.04633652134383,1.07777464163717,18,10,13,30,+ 8 %,10
"fut.lambda[24,9]",1.06453492723439,1.04706005178496,1.07900958747286,24,9,15,30,+ 6 %,5
"fut.lambda[15,13]",1.06458099949715,1.04832735315653,1.07980166989203,15,13,12,30,+ 10 %,10
"fut.lambda[23,13]",1.06473498558519,1.04732014540207,1.08092945543882,23,13,15,20,+ 10 %,10
"fut.lambda[15,12]",1.06476465369367,1.04837202014218,1.0791953714066,15,12,12,30,+ 8 %,5
"fut.lambda[17,15]",1.06498651732782,1.04715205756046,1.08040007527836,17,15,13,20,+ 10 %,5
"fut.lambda[23,12]",1.06527038868315,1.04718751821008,1.08089501346157,23,12,15,20,+ 8 %,5
"fut.lambda[21,10]",1.06530964339975,1.04830872468645,1.08058234587386,21,10,14,30,+ 8 %,10
"fut.lambda[21,14]",1.06534577111882,1.04844922523585,1.07962613098876,21,14,14,30,+ 10 %,15
"fut.lambda[12,15]",1.06543370845687,1.04831205438437,1.0801349060703,12,15,11,30,+ 10 %,5
"fut.lambda[18,12]",1.06604957676947,1.04867344054022,1.08092664880425,18,12,13,30,+ 8 %,5
"fut.lambda[18,13]",1.06617548689081,1.04928939412802,1.08080839808012,18,13,13,30,+ 10 %,10
"fut.lambda[20,15]",1.06633819402372,1.04938189635516,1.08162872165191,20,15,14,20,+ 10 %,5
"fut.lambda[24,10]",1.06651725461056,1.04986627607502,1.08138505693852,24,10,15,30,+ 8 %,10
"fut.lambda[24,14]",1.06665195325695,1.04866191539316,1.08079891088803,24,14,15,30,+ 10 %,15
"fut.lambda[23,15]",1.06702084147096,1.05117371463287,1.08265470205275,23,15,15,20,+ 10 %,5
"fut.lambda[21,12]",1.06718486260312,1.05120644996949,1.08197555721288,21,12,14,30,+ 8 %,5
"fut.lambda[15,15]",1.06720248646692,1.05035575212929,1.08194317070371,15,15,12,30,+ 10 %,5
"fut.lambda[21,13]",1.06750485698535,1.05006804736524,1.08226501873956,21,13,14,30,+ 10 %,10
"fut.lambda[18,15]",1.06834982012754,1.05157742036573,1.0831831234206,18,15,13,30,+ 10 %,5
"fut.lambda[24,13]",1.06862134071511,1.05159415851075,1.0836608373279,24,13,15,30,+ 10 %,10
"fut.lambda[24,12]",1.0688430025892,1.05068403861365,1.08339486932474,24,12,15,30,+ 8 %,5
"fut.lambda[21,15]",1.06973867670891,1.05255438663099,1.08411381413794,21,15,14,30,+ 10 %,5
"fut.lambda[24,15]",1.07096040051754,1.05247661723281,1.08606314021666,24,15,15,30,+ 10 %,5
