n.chicks.released.per.year,n.years.of.captive.releases,surv.improvement,time.lag.for.surv.imp,fut.pop.growth.rate,lcl,ucl
0,10,none,10,0.908330027,0,0.950095821
0,10,none,15,0.908330027,0,0.950173707
0,10,none,5,0.908330027,0,0.949235742
0,20,none,10,0.908330027,0,0.950276674
0,20,none,5,0.908330027,0,0.950637317
1,10,none,5,0.908330027,0,0.948786775
0,20,none,15,0.908341592,0,0.950175695
0,30,none,10,0.908341592,0,0.950078698
0,30,none,15,0.908341592,0,0.950184982
0,30,none,5,0.908341592,0,0.949190567
1,10,none,10,0.908341592,0,0.949553102
1,10,none,15,0.908341592,0,0.948975178
2,10,none,5,0.908498154,0,0.950702026
2,10,none,10,0.908511722,0,0.950762636
2,10,none,15,0.908524326,0,0.950738117
3,10,none,15,0.909040743,0,0.951845002
3,10,none,5,0.909045675,0,0.951479648
3,10,none,10,0.909144496,0,0.952422286
1,20,none,10,0.910012002,0,0.951834277
1,20,none,15,0.910099725,0,0.952267198
1,20,none,5,0.910138567,0,0.951372817
4,10,none,10,0.910614826,0,0.952805781
4,10,none,5,0.910692851,0,0.953006492
4,10,none,15,0.911008024,0,0.953106381
5,10,none,15,0.915206721,0,0.954507511
5,10,none,10,0.915257025,0,0.954559433
5,10,none,5,0.915286084,0,0.954787506
6,10,none,15,0.915404543,0,0.955037555
6,10,none,10,0.915406489,0,0.955000881
6,10,none,5,0.915418167,0,0.955064405
1,30,none,10,0.915658543,0,0.954255518
7,10,none,5,0.91567228,0,0.956653075
7,10,none,10,0.915701738,0,0.956616596
7,10,none,15,0.915725324,0,0.956659362
1,30,none,5,0.915823798,0,0.953867505
1,30,none,15,0.915829716,0,0.954543295
2,20,none,15,0.915995902,0,0.954826004
2,20,none,10,0.916029645,0,0.955028032
2,20,none,5,0.916055474,0,0.954961386
8,10,none,10,0.916669841,0,0.957882967
8,10,none,15,0.916863116,0,0.957399762
8,10,none,5,0.916927473,0,0.957698887
9,10,none,15,0.920327169,0,0.958670805
9,10,none,5,0.92062187,0,0.958531798
9,10,none,10,0.9207172,0,0.958646411
10,10,none,15,0.921109321,0,0.959371111
10,10,none,10,0.921119091,0,0.959923767
10,10,none,5,0.921130819,0,0.959109535
11,10,none,5,0.92125227,0,0.960255232
11,10,none,15,0.921264049,0,0.960290644
11,10,none,10,0.92128762,0,0.960205085
3,20,none,10,0.921289585,0.865356865,0.958544025
3,20,none,15,0.921321044,0.865324735,0.958519575
3,20,none,5,0.921336785,0.865236673,0.958468697
0,10,2%,15,0.921374203,0,0.963350839
0,20,2%,15,0.921374203,0,0.963338569
1,10,2%,15,0.921421533,0,0.963263059
0,30,2%,15,0.921459054,0,0.963250772
12,10,none,10,0.921807819,0,0.96128817
12,10,none,15,0.921832811,0,0.961757757
12,10,none,5,0.921858825,0,0.96145134
0,10,2%,10,0.922426572,0,0.964804819
0,20,2%,10,0.922658899,0,0.965019958
0,30,2%,10,0.922721631,0,0.964767218
1,10,2%,10,0.922968657,0,0.964037761
13,10,none,15,0.923196767,0.86530284,0.962079795
2,10,2%,15,0.923203039,0,0.963918666
13,10,none,10,0.92321559,0,0.961872144
13,10,none,5,0.923485831,0,0.961943495
14,10,none,5,0.925781811,0.865632473,0.96336516
2,30,none,15,0.925816913,0.86591937,0.959161496
14,10,none,15,0.925877462,0.865619748,0.963141449
1,10,2%,5,0.925911696,0,0.965775335
2,30,none,5,0.925944007,0.86581122,0.95906004
2,30,none,10,0.925950866,0.865908307,0.959717661
14,10,none,10,0.925965567,0.865654301,0.963246796
0,10,2%,5,0.925991067,0,0.966332028
0,20,2%,5,0.926002843,0,0.966321761
0,30,2%,5,0.926004806,0,0.966165025
3,10,2%,15,0.926016587,0,0.965058871
2,10,2%,10,0.926028373,0,0.965255529
4,20,none,5,0.926051959,0.866044521,0.961332102
4,20,none,10,0.926065725,0.866046319,0.961238026
4,20,none,15,0.926065725,0.86607774,0.961280899
15,10,none,5,0.92607753,0.865721708,0.96410715
1,20,2%,15,0.926079497,0.865710767,0.964855256
15,10,none,10,0.926089339,0.86575433,0.963560457
15,10,none,15,0.926101152,0.865778306,0.963889813
2,10,2%,5,0.926261081,0.865127474,0.966476205
4,10,2%,15,0.926308627,0.865608845,0.966855411
3,10,2%,10,0.926346319,0.865113228,0.96675079
1,20,2%,10,0.92659745,0.865789273,0.966284613
4,10,2%,10,0.927775328,0.865884498,0.967596489
3,10,2%,5,0.927912846,0.865756384,0.96813923
5,10,2%,15,0.92797451,0.86582403,0.967672517
1,20,2%,5,0.928304774,0.865952445,0.967716936
5,20,none,5,0.930052473,0.866682318,0.963943338
5,20,none,10,0.930150524,0.866992944,0.963918644
5,20,none,15,0.93021836,0.866682318,0.963556262
1,30,2%,15,0.930264653,0.866203443,0.966976803
4,10,2%,5,0.930290291,0.865913861,0.969031683
6,10,2%,15,0.930313976,0.865941416,0.969173001
5,10,2%,10,0.930327801,0.865862357,0.96910811
2,20,2%,15,0.930436638,0.866554377,0.968256563
1,30,2%,10,0.930547847,0.866485,0.96769942
5,10,2%,5,0.930609582,0.866114649,0.970177982
7,10,2%,15,0.930737423,0.866088822,0.970217143
3,30,none,15,0.930998734,0.886627664,0.963630377
6,10,2%,10,0.930998734,0.865998446,0.970410033
3,30,none,5,0.931047218,0.886646188,0.963771297
3,30,none,10,0.931125876,0.886524943,0.963642617
1,30,2%,5,0.931468563,0.866729214,0.969019401
2,20,2%,10,0.931507525,0.866695237,0.9694931
8,10,2%,15,0.932402866,0.866249985,0.970749833
6,20,none,10,0.932746658,0.877448186,0.966233306
6,10,2%,5,0.932774431,0.866238841,0.971409843
6,20,none,15,0.933124782,0.874936308,0.966233304
6,20,none,5,0.933165878,0.879571423,0.966120965
7,10,2%,10,0.933455569,0.866296463,0.971422226
2,20,2%,5,0.933924167,0.867265068,0.970713846
9,10,2%,15,0.934113996,0.866556255,0.972497599
8,10,2%,10,0.934125898,0.866484719,0.972552404
7,10,2%,5,0.934137806,0.866543116,0.972843682
10,10,2%,15,0.93450419,0.86707502,0.972906003
9,10,2%,10,0.934693557,0.867123133,0.973674298
3,20,2%,15,0.934737031,0.870788736,0.971282217
8,10,2%,5,0.934862742,0.867017686,0.97374847
7,20,none,15,0.935070665,0.887002968,0.968756895
7,20,none,10,0.935310886,0.886935207,0.968879214
7,20,none,5,0.935335629,0.886899454,0.968879214
3,20,2%,10,0.936790249,0.886456505,0.972559211
11,10,2%,15,0.936830906,0.868322981,0.974257806
1,10,4%,15,0.937116338,0.866886404,0.976800702
9,10,2%,5,0.937202939,0.867701059,0.97473658
10,10,2%,10,0.937287804,0.867677629,0.97477987
0,30,4%,15,0.937297687,0.866659699,0.977310606
0,10,4%,15,0.93731054,0.866612633,0.97687758
0,20,4%,15,0.937414543,0.866682082,0.97714227
2,30,2%,15,0.937452268,0.887063736,0.971471836
4,30,none,15,0.937499986,0.888530754,0.967733635
4,30,none,5,0.937499986,0.888826414,0.967788459
12,10,2%,15,0.937511927,0.869750615,0.974874971
3,20,2%,5,0.937511927,0.886790438,0.973696765
4,30,none,10,0.937513917,0.888739821,0.967672774
11,10,2%,10,0.937587658,0.87463908,0.975571494
10,10,2%,5,0.937611612,0.870776677,0.975826778
2,30,2%,10,0.937725785,0.887203906,0.972586005
2,10,4%,15,0.937858198,0.868255206,0.97798523
13,10,2%,15,0.93787229,0.886549357,0.975918199
8,20,none,15,0.937884374,0.887421883,0.970672001
8,20,none,10,0.937890417,0.887575322,0.970618373
8,20,none,5,0.93797403,0.887600668,0.970892349
12,10,2%,10,0.938304155,0.886582871,0.976312502
11,10,2%,5,0.938411979,0.886605283,0.976891775
4,20,2%,15,0.938859263,0.887099688,0.973976924
2,30,2%,5,0.93937553,0.887564054,0.973678326
14,10,2%,15,0.939807514,0.886732335,0.976889754
3,10,4%,15,0.940295693,0.870844741,0.979412273
13,10,2%,10,0.940330391,0.886745445,0.977873288
0,30,4%,10,0.940347656,0.868108241,0.980041611
12,10,2%,5,0.940359446,0.886627664,0.977908293
1,10,4%,10,0.940359446,0.88602869,0.979916752
0,10,4%,10,0.940397125,0.868370968,0.980271922
0,20,4%,10,0.940488536,0.870188147,0.980566911
1,20,4%,15,0.940500479,0.886754813,0.978875883
4,20,2%,10,0.940514418,0.887529361,0.975016296
15,10,2%,15,0.94063615,0.886854295,0.977870955
9,20,none,15,0.940710219,0.892958696,0.972989649
9,20,none,10,0.940710219,0.889606937,0.972559211
4,20,2%,5,0.940722246,0.88775533,0.976226567
9,20,none,5,0.940748322,0.890789822,0.97255916
14,10,2%,10,0.940760364,0.886912591,0.978662308
4,10,4%,15,0.940897268,0.886760341,0.980637106
13,10,2%,5,0.940951147,0.886889993,0.978735248
2,10,4%,10,0.941183766,0.886698604,0.981075448
15,10,2%,10,0.9415944,0.887052329,0.979172241
5,30,none,5,0.941765973,0.899684235,0.971538026
5,30,none,15,0.941891629,0.899963005,0.971422536
14,10,2%,5,0.941972898,0.887050484,0.979695734
5,30,none,10,0.942198003,0.899672665,0.971486361
5,20,2%,15,0.942445908,0.889735143,0.976490166
5,10,4%,15,0.943301636,0.886993757,0.982006235
1,20,4%,10,0.94330862,0.88713388,0.981475338
1,10,4%,5,0.943314608,0.886888158,0.98261052
1,30,4%,15,0.943314608,0.887815189,0.979914682
15,10,2%,5,0.943360552,0.887181369,0.980535736
3,10,4%,10,0.943376548,0.886923944,0.982418816
0,30,4%,5,0.943399556,0.886888158,0.983405419
3,30,2%,15,0.943400557,0.899434558,0.97581442
0,20,4%,5,0.943401194,0.886807187,0.982901413
0,10,4%,5,0.943412568,0.88687489,0.98349594
10,20,none,10,0.943414571,0.899423084,0.974736325
10,20,none,5,0.943424585,0.899363874,0.974785957
5,20,2%,10,0.943450635,0.891869594,0.977742828
10,20,none,15,0.943462666,0.899375325,0.974785919
3,30,2%,10,0.943736603,0.89971897,0.976634018
5,20,2%,5,0.944012576,0.899147135,0.978785613
2,20,4%,15,0.94401805,0.888334714,0.981666132
6,10,4%,15,0.944119252,0.887145271,0.982804559
2,10,4%,5,0.944148401,0.887074815,0.983581757
4,10,4%,10,0.944559521,0.887147169,0.983537514
3,30,2%,5,0.94503132,0.899755678,0.977891613
11,20,none,10,0.945792503,0.900023654,0.976374553
11,20,none,5,0.945828904,0.899941794,0.976438939
6,20,2%,15,0.945850698,0.899495776,0.97905499
11,20,none,15,0.945917838,0.900023411,0.976527438
7,10,4%,15,0.945995987,0.887635107,0.984216612
1,30,4%,10,0.945995987,0.893324611,0.98305729
1,20,4%,5,0.946032121,0.888346032,0.98411493
3,10,4%,5,0.946044175,0.887646982,0.985059865
5,10,4%,10,0.946046185,0.887623816,0.984810091
6,30,none,10,0.946144804,0.908330027,0.974531983
6,30,none,5,0.946156902,0.908355042,0.974785919
6,20,2%,10,0.946169003,0.899636058,0.979939744
6,30,none,15,0.946169003,0.908376314,0.974773513
8,10,4%,15,0.94698437,0.88953069,0.985036468
12,20,none,15,0.947271352,0.903264117,0.9779558
12,20,none,10,0.947323622,0.901193019,0.978170435
6,20,2%,5,0.947352931,0.900013854,0.980751325
2,20,4%,10,0.947413729,0.899205918,0.984411392
4,10,4%,5,0.947413729,0.888604467,0.985886676
6,10,4%,10,0.947453625,0.889339139,0.985759748
12,20,none,5,0.9476436,0.902017469,0.978418984
1,30,4%,5,0.948428592,0.899502317,0.985079158
4,30,2%,15,0.948440668,0.908122609,0.97913978
9,10,4%,15,0.948464833,0.89281652,0.986124596
7,20,2%,15,0.948466848,0.901028642,0.981051362
3,20,4%,15,0.948537284,0.899624507,0.984346599
7,10,4%,10,0.94858998,0.898833559,0.986718877
5,10,4%,5,0.948629444,0.895452296,0.987260397
4,30,2%,10,0.948983211,0.908472972,0.980389509
13,20,none,15,0.949124367,0.908330027,0.979796387
7,20,2%,10,0.949138769,0.902184112,0.982295119
13,20,none,5,0.949202628,0.9083281,0.979812997
13,20,none,10,0.949215003,0.908364736,0.979837683
2,30,4%,15,0.949421965,0.903277535,0.984321408
10,10,4%,15,0.94946456,0.899194532,0.98726287
2,20,4%,5,0.949857534,0.899493908,0.986666444
4,30,2%,5,0.950131687,0.908618541,0.980957974
7,20,2%,5,0.95033563,0.908122609,0.983090316
8,10,4%,10,0.950447031,0.899205918,0.988146963
7,30,none,5,0.950464552,0.914799334,0.977590287
7,30,none,10,0.950496613,0.912113321,0.977807061
7,30,none,15,0.950523691,0.914482491,0.977530187
6,10,4%,5,0.950625186,0.899194532,0.988323071
11,10,4%,15,0.950739127,0.899457279,0.988207282
8,20,2%,15,0.950800805,0.908366665,0.983188646
14,20,none,15,0.950887966,0.908725737,0.981419854
1,10,6%,15,0.950897392,0.898879007,0.990955785
3,20,4%,10,0.950901163,0.90101619,0.98734368
14,20,none,5,0.950975368,0.908676964,0.981307721
14,20,none,10,0.951022217,0.908998306,0.981394894
9,10,4%,10,0.951050767,0.899518783,0.988914339
0,30,6%,15,0.951089555,0.894686043,0.991518038
0,10,6%,15,0.95119036,0.894744196,0.991457613
0,20,6%,15,0.951208256,0.894241235,0.991526274
7,10,4%,5,0.951208256,0.899553375,0.98955391
12,10,4%,15,0.951665705,0.899778692,0.989568278
2,30,4%,10,0.951819266,0.908204878,0.986950826
8,20,2%,10,0.951877549,0.908567755,0.984189487
4,20,4%,15,0.952501942,0.908062761,0.98685553
10,10,4%,10,0.952638388,0.899789916,0.989658947
8,10,4%,5,0.952805731,0.899743791,0.990727672
8,20,2%,5,0.952805731,0.908702268,0.984968303
15,20,none,10,0.952844162,0.910750041,0.982780888
13,10,4%,15,0.952882641,0.90036834,0.990232483
5,30,2%,15,0.952892774,0.915173827,0.98254581
15,20,none,15,0.952894801,0.910641488,0.982904626
2,10,6%,15,0.952904939,0.899470872,0.992331941
15,20,none,5,0.952955675,0.911605386,0.982710206
9,20,2%,15,0.953170678,0.909667655,0.985024383
3,20,4%,5,0.953188064,0.908063334,0.989013948
11,10,4%,10,0.95345516,0.900254413,0.990962229
5,30,2%,10,0.953506782,0.915539095,0.983378938
8,30,none,10,0.953521321,0.916657371,0.980661973
8,30,none,5,0.953531591,0.916140915,0.980209733
8,30,none,15,0.953544831,0.916431211,0.980019103
9,10,4%,5,0.953640359,0.900614304,0.991546332
14,10,4%,15,0.953974522,0.900590739,0.990480675
2,30,4%,5,0.954298876,0.908949142,0.989058334
1,20,6%,15,0.954366207,0.900737896,0.992341556
9,20,2%,10,0.954495235,0.910384681,0.986308193
5,30,2%,5,0.954712671,0.9155137,0.984352834
4,20,4%,10,0.954762373,0.908533056,0.989562308
3,10,6%,15,0.954775359,0.899744081,0.993237989
12,10,4%,10,0.954793582,0.902054074,0.991807754
15,10,4%,15,0.954874699,0.902262027,0.9920843
10,10,4%,5,0.954888915,0.901714722,0.992446716
9,20,2%,5,0.954925502,0.911896772,0.986693699
3,30,4%,15,0.955013074,0.91528027,0.987827193
5,20,4%,15,0.955164345,0.909408941,0.989401985
10,20,2%,15,0.955462854,0.915185464,0.986930376
13,10,4%,10,0.955868819,0.905297672,0.993008014
1,10,6%,10,0.956004169,0.900254707,0.995450057
0,30,6%,10,0.95616681,0.900254511,0.996097678
4,10,6%,15,0.956220542,0.901449338,0.994533733
11,10,4%,5,0.956402514,0.908182,0.993164463
0,20,6%,10,0.956463937,0.900133085,0.995967391
0,10,6%,10,0.95652934,0.900528587,0.996032156
1,30,6%,15,0.956671229,0.908521417,0.993452352
4,20,4%,5,0.956700722,0.90913648,0.991921866
10,20,2%,10,0.956707771,0.915346081,0.988119436
9,30,none,5,0.956734189,0.921313176,0.983121415
14,10,4%,10,0.956746389,0.908254914,0.993768526
9,30,none,10,0.956746389,0.921371986,0.982966752
9,30,none,15,0.956746389,0.921324978,0.98270284
6,30,2%,15,0.956848238,0.921052572,0.985346205
12,10,4%,5,0.956886005,0.908377955,0.994302523
10,20,2%,5,0.956960649,0.915625158,0.988862713
3,30,4%,10,0.957225747,0.915993918,0.990257462
5,10,6%,15,0.957489148,0.907202156,0.995716819
6,30,2%,10,0.957611156,0.921142551,0.986628796
2,10,6%,10,0.957812378,0.908063334,0.996725736
5,20,4%,10,0.957859083,0.914887493,0.991886323
11,20,2%,15,0.957908214,0.915970124,0.988862713
15,10,4%,10,0.958079514,0.908558287,0.994971333
13,10,4%,5,0.95836921,0.90868837,0.99531933
6,20,4%,15,0.95847073,0.915443434,0.991729662
2,20,6%,15,0.9584809,0.909229146,0.995500905
6,30,2%,5,0.958507357,0.921336785,0.987328727
11,20,2%,10,0.958544025,0.916621155,0.989549419
1,20,6%,10,0.958565435,0.908567755,0.996839653
6,10,6%,15,0.958682932,0.90847486,0.996984776
3,10,6%,10,0.95905771,0.908252752,0.997937439
3,30,4%,5,0.959089831,0.916965333,0.99234127
14,10,4%,5,0.959103312,0.909045675,0.996085255
11,20,2%,5,0.959130613,0.917181108,0.990324648
10,30,none,10,0.959835135,0.925791265,0.985164567
10,30,none,15,0.959835135,0.926028373,0.985152104
5,20,4%,5,0.95988356,0.915490276,0.993997073
10,30,none,5,0.959922009,0.925888999,0.985191844
4,30,4%,15,0.960078449,0.92120324,0.991182247
12,20,2%,15,0.960102385,0.921093598,0.990406477
7,10,6%,15,0.960265448,0.909291346,0.997884348
12,20,2%,10,0.960305321,0.921105317,0.991196519
15,10,4%,5,0.960316576,0.910199435,0.99706648
6,20,4%,10,0.960367785,0.916681707,0.994237407
7,30,2%,15,0.960423918,0.925756191,0.988432837
4,10,6%,10,0.960448161,0.909059195,0.999037997
1,10,6%,5,0.960470235,0.908558287,0.9991812
1,30,6%,10,0.96049514,0.915077185,0.99782075
0,30,6%,5,0.960790823,0.908556346,1.000573345
0,10,6%,5,0.960801087,0.908653289,1.000560591
0,20,6%,5,0.960859447,0.908484301,1.000533234
12,20,2%,5,0.960974149,0.921299412,0.992327425
7,20,4%,15,0.961253892,0.920811569,0.993830374
7,30,2%,10,0.961448513,0.925912674,0.98927421
8,10,6%,15,0.961782234,0.911497381,0.99934798
13,20,2%,15,0.961796521,0.921708749,0.991986003
4,30,4%,10,0.96180673,0.922286186,0.993578088
7,30,2%,5,0.961845553,0.926051959,0.989887608
5,10,6%,10,0.961960255,0.91106038,1.000034584
3,20,6%,15,0.962021871,0.915983952,0.997780798
11,30,none,15,0.962060956,0.928688639,0.987453375
2,10,6%,5,0.962096669,0.909681707,1.000547841
11,30,none,10,0.962099058,0.927996305,0.987460756
11,30,none,5,0.962224262,0.929506834,0.98745861
6,20,4%,5,0.962310211,0.920740113,0.996049124
2,30,6%,15,0.962348351,0.920486032,0.997064577
13,20,2%,10,0.962385757,0.922324779,0.993033326
2,20,6%,10,0.96253096,0.915490032,0.99948705
9,10,6%,15,0.962820379,0.915129396,1.000047801
13,20,2%,5,0.963166468,0.922984071,0.993608239
1,20,6%,5,0.963171155,0.914945992,1.000848798
7,20,4%,10,0.963326304,0.921326896,0.996059579
14,20,2%,15,0.963414309,0.925702489,0.993789932
3,10,6%,5,0.963427633,0.914624168,1.001993704
6,10,6%,10,0.963440962,0.915185464,1.001470116
4,30,4%,5,0.963473259,0.925140782,0.995381559
8,20,4%,15,0.963655532,0.921995257,0.996266538
8,30,2%,15,0.963944187,0.928610186,0.99095946
10,10,6%,15,0.964125067,0.915501986,1.001274552
5,30,4%,15,0.96415966,0.926308329,0.994532897
14,20,2%,10,0.964505126,0.92590284,0.994842373
8,30,2%,10,0.964689422,0.930223281,0.991714962
12,30,none,10,0.964804042,0.931097803,0.989551394
12,30,none,5,0.964804042,0.931097499,0.989618719
12,30,none,15,0.964805437,0.931247865,0.989645993
1,30,6%,5,0.964828614,0.91744144,1.001644359
14,20,2%,5,0.964840908,0.926138592,0.994999135
4,10,6%,5,0.964892181,0.915599446,1.003174846
7,20,4%,5,0.964892181,0.922861025,0.998003874
7,10,6%,10,0.96490982,0.915660505,1.00205508
8,30,2%,5,0.965002275,0.930434655,0.992330974
15,20,2%,15,0.96509603,0.926709372,0.994973768
11,10,6%,15,0.965163272,0.91615502,1.002348097
8,20,4%,10,0.965706758,0.925632219,0.99814474
0,30,8%,15,0.965749164,0.915185464,1.005978211
1,10,8%,15,0.96575471,0.915408386,1.004980982
4,20,6%,15,0.965787294,0.921758593,1.000324278
15,20,2%,10,0.966052468,0.926957764,0.996078019
0,20,8%,15,0.966067266,0.915371435,1.005786697
3,20,6%,10,0.966182076,0.921254184,1.001940951
2,30,6%,10,0.966192315,0.923079584,1.001100204
0,10,8%,15,0.966194363,0.91536954,1.005059964
8,10,6%,10,0.966194363,0.916216852,1.003369013
9,20,4%,15,0.966208704,0.92618595,0.997793546
5,30,4%,10,0.966223051,0.92842323,0.996338885
12,10,6%,15,0.966284613,0.917041194,1.003011287
5,10,6%,5,0.966311326,0.916681707,1.004215989
15,20,2%,5,0.966336004,0.927511312,0.996632152
2,20,6%,5,0.966465137,0.920922293,1.003341333
9,30,2%,15,0.96667075,0.933254673,0.993631734
13,30,none,10,0.966950886,0.934344627,0.991585762
13,30,none,5,0.967061067,0.934358918,0.991465103
13,30,none,15,0.967087379,0.934267189,0.991412779
9,10,6%,10,0.967424382,0.92096898,1.004528588
8,20,4%,5,0.967469985,0.926223443,0.999719592
13,10,6%,15,0.96756975,0.921058422,1.00448811
9,30,2%,10,0.96756975,0.933997045,0.994272415
2,10,8%,15,0.967582065,0.91615502,1.006110826
6,10,6%,5,0.967621093,0.918202239,1.005222998
3,30,6%,15,0.967643881,0.92679621,1.000608166
5,30,4%,5,0.96765811,0.930337679,0.998096931
9,20,4%,10,0.96781074,0.927467823,1.000018547
9,30,2%,5,0.967998345,0.933959672,0.994920526
6,30,4%,15,0.968007878,0.932127194,0.997185292
10,20,4%,15,0.968306583,0.92842323,0.999497397
1,20,8%,15,0.968507382,0.92108169,1.00648336
14,10,6%,15,0.968542187,0.921191484,1.005244594
10,10,6%,10,0.968582629,0.921191484,1.005440276
5,20,6%,15,0.968870996,0.926284845,1.002697329
7,10,6%,5,0.968903882,0.92128762,1.006341056
14,30,none,5,0.968981213,0.937347149,0.993398714
14,30,none,15,0.969006866,0.937359032,0.993382623
14,30,none,10,0.969019246,0.937538196,0.993468935
3,10,8%,15,0.969031631,0.9206825,1.007213595
4,20,6%,10,0.969120529,0.926203307,1.00391265
15,10,6%,15,0.969431679,0.921709048,1.005865669
6,30,4%,10,0.969533123,0.934032781,0.998865982
9,20,4%,5,0.969551938,0.930276384,1.001708332
10,30,2%,15,0.969579225,0.936674318,0.995568277
2,30,6%,5,0.969680721,0.926419504,1.005051577
11,10,6%,10,0.969681267,0.921545776,1.006458099
3,20,6%,5,0.969907215,0.92562401,1.005507851
8,10,6%,5,0.970101856,0.922160284,1.00724936
10,30,2%,10,0.970153273,0.937262123,0.996156828
10,20,4%,10,0.970180042,0.930547847,1.001931577
1,30,8%,15,0.970192404,0.924694042,1.007574151
11,20,4%,15,0.970279391,0.930583678,1.001565685
10,30,2%,5,0.970488448,0.93754977,0.996794154
4,10,8%,15,0.970514939,0.921820513,1.008890172
12,10,6%,10,0.970664833,0.923397784,1.00740494
3,30,6%,10,0.970931331,0.930621265,1.004286305
15,30,none,15,0.971009964,0.940321753,0.995001682
15,30,none,5,0.97108546,0.939326894,0.995323147
6,30,4%,5,0.971112027,0.934396873,1.00080026
15,30,none,10,0.971184524,0.939394733,0.995124239
9,10,6%,5,0.9713583,0.924736877,1.008488409
7,30,4%,15,0.971377557,0.937139884,0.999651584
6,20,6%,15,0.971434613,0.930370541,1.004968039
10,20,4%,5,0.971516397,0.931085655,1.003379937
13,10,6%,10,0.971613727,0.925891102,1.008409663
4,30,6%,15,0.971955012,0.934087925,1.003579966
11,20,4%,10,0.972067471,0.933886487,1.003422978
11,30,2%,15,0.972086565,0.939848284,0.997821143
5,10,8%,15,0.972147181,0.922950948,1.009919826
1,10,8%,10,0.972185642,0.922135217,1.011211782
5,20,6%,10,0.972254363,0.930325825,1.006486922
12,20,4%,15,0.972314371,0.933947832,1.003175029
2,20,8%,15,0.972461333,0.926633243,1.008928739
10,10,6%,5,0.972495234,0.925949445,1.008994534
0,10,8%,10,0.972522026,0.921532254,1.012044953
0,20,8%,10,0.972543983,0.921605332,1.011756137
0,30,8%,10,0.972546777,0.921758893,1.011496071
4,20,6%,5,0.972583939,0.930005225,1.008065344
11,30,2%,10,0.972623212,0.940274042,0.99858134
14,10,6%,10,0.972777248,0.926358232,1.009208255
11,30,2%,5,0.972888756,0.940458401,0.998944111
7,30,4%,10,0.972924504,0.937623512,1.001631557
6,10,8%,15,0.973463051,0.926174103,1.011556698
11,10,6%,5,0.973632764,0.926369851,1.010553809
11,20,4%,5,0.973671975,0.934457027,1.004940488
12,20,4%,10,0.973833733,0.935765252,1.004927519
15,10,6%,10,0.973837713,0.92730323,1.010129942
2,10,8%,10,0.973902004,0.92584229,1.012066564
13,20,4%,15,0.973966538,0.935539674,1.004462803
3,30,6%,5,0.974128742,0.934382616,1.007572333
7,20,6%,15,0.974179449,0.934112012,1.007192513
7,30,4%,5,0.974360831,0.93924154,1.003022039
12,30,2%,15,0.974401499,0.941908959,1.000021227
1,20,8%,10,0.974515605,0.926407568,1.012419742
8,30,4%,15,0.97458651,0.940432565,1.001922391
12,10,6%,5,0.974649304,0.927978101,1.01090395
6,20,6%,10,0.974835592,0.934210987,1.00819814
12,30,2%,10,0.974870966,0.943026204,1.000545717
4,30,6%,10,0.974877044,0.937335271,1.007055827
7,10,8%,15,0.974951792,0.926945314,1.012236392
3,10,8%,10,0.975235349,0.92660916,1.013708571
5,20,6%,5,0.975344959,0.933924167,1.009829512
2,30,8%,15,0.975498733,0.933997045,1.010484377
12,30,2%,5,0.975517947,0.943400557,1.001119911
12,20,4%,5,0.975528525,0.937335271,1.006854071
13,10,6%,5,0.975543339,0.930005225,1.012083625
13,20,4%,10,0.975866107,0.937709612,1.006511946
5,30,6%,15,0.975866107,0.939392671,1.006623316
14,20,4%,15,0.975878537,0.938100658,1.006108615
8,30,4%,10,0.975878537,0.941302716,1.003912648
3,20,8%,15,0.975917928,0.932204428,1.011650887
1,30,8%,10,0.975917928,0.931383624,1.013447126
8,10,8%,15,0.975994775,0.930065838,1.013372863
13,30,2%,15,0.976590555,0.944854745,1.001789331
8,20,6%,15,0.976632424,0.937464191,1.008980088
14,10,6%,5,0.97665219,0.930510071,1.013139363
4,10,8%,10,0.976852417,0.930101165,1.014763005
13,30,2%,10,0.976954016,0.945545544,1.002294219
13,20,4%,5,0.977011665,0.938933124,1.008237564
8,30,4%,5,0.9771128,0.943173205,1.005667647
7,20,6%,10,0.977183534,0.937478057,1.010574277
9,30,4%,15,0.977307084,0.943886361,1.004624222
9,10,8%,15,0.977339536,0.930571431,1.014251017
13,30,2%,5,0.977381789,0.945865592,1.002899463
15,10,6%,5,0.977396751,0.931519532,1.013770983
14,20,4%,10,0.977399382,0.940360204,1.008091333
15,20,4%,15,0.977413771,0.940494507,1.007486857
4,30,6%,5,0.977916093,0.939274109,1.010494913
6,20,6%,5,0.977936209,0.936681618,1.011626559
2,20,8%,10,0.978033,0.933057576,1.014829299
5,10,8%,10,0.978261211,0.930695417,1.015736308
1,10,8%,5,0.978446876,0.93031368,1.017054689
10,10,8%,15,0.97850637,0.932682083,1.015622322
14,30,2%,15,0.978602631,0.947363091,1.003754829
5,30,6%,10,0.978719451,0.941792309,1.009748992
9,30,4%,10,0.978742639,0.945632793,1.006516031
14,20,4%,5,0.978759843,0.940684175,1.009683406
0,10,8%,5,0.978830223,0.93031368,1.017705665
9,20,6%,15,0.978898738,0.940373273,1.010758915
0,30,8%,5,0.97891121,0.930474275,1.017656275
0,20,8%,5,0.978938251,0.930398749,1.017941751
14,30,2%,10,0.978971255,0.947942759,1.004406371
4,20,8%,15,0.979153842,0.937476118,1.01417267
15,20,4%,10,0.979170053,0.941203101,1.009705029
6,30,6%,15,0.979369758,0.943861673,1.009152892
14,30,2%,5,0.979433033,0.948452748,1.004768988
8,20,6%,10,0.979565359,0.94037134,1.012284481
6,10,8%,10,0.979577913,0.933778626,1.017078261
11,10,8%,15,0.979812685,0.934074253,1.016318221
9,30,4%,5,0.979825817,0.946008027,1.007966345
2,10,8%,5,0.979827235,0.931235506,1.018283104
10,30,4%,15,0.979837631,0.947466235,1.006860488
3,30,8%,15,0.980056724,0.94063615,1.013522972
1,20,8%,5,0.980109106,0.933912045,1.017950084
7,20,6%,5,0.980156262,0.940420752,1.013444795
1,10,10%,15,0.980263959,0.931634337,1.01918747
15,20,4%,5,0.980425233,0.94357286,1.011105077
15,30,2%,15,0.980493812,0.949538909,1.005333343
0,30,10%,15,0.980528565,0.931060716,1.020074039
0,20,10%,15,0.980556543,0.930718814,1.019689721
0,10,10%,15,0.980593892,0.931085351,1.019858674
2,30,8%,10,0.980718848,0.938599399,1.016142622
12,10,8%,15,0.980811173,0.934646311,1.017403373
7,10,8%,10,0.98085553,0.934433704,1.018403445
15,30,2%,10,0.980864482,0.950322525,1.006131952
10,20,6%,15,0.980930764,0.943246815,1.012527773
10,30,4%,10,0.981100427,0.948553596,1.00849931
5,30,6%,5,0.981222886,0.944273162,1.012939472
3,20,8%,10,0.981252681,0.937783817,1.01686939
15,30,2%,5,0.981406893,0.950723726,1.006580632
3,10,8%,5,0.98151238,0.934261066,1.019460471
1,30,8%,5,0.98155174,0.93745808,1.018509083
9,20,6%,10,0.981694908,0.943087578,1.014030464
2,10,10%,15,0.981893231,0.9341994,1.020260057
13,10,8%,15,0.981898221,0.936883318,1.01841684
6,30,6%,10,0.981926277,0.946306482,1.012422805
8,10,8%,10,0.982047324,0.936253536,1.019473617
5,20,8%,15,0.982071792,0.940796519,1.016019974
11,30,4%,15,0.982232996,0.949774838,1.008956727
10,30,4%,5,0.982348298,0.949198453,1.009814292
4,10,8%,5,0.982491563,0.935948048,1.020417728
8,20,6%,5,0.982493471,0.943246815,1.015328592
7,30,6%,15,0.98254581,0.948274031,1.011580018
1,20,10%,15,0.982727741,0.937056237,1.020835813
14,10,8%,15,0.982871478,0.937801792,1.019501646
11,20,6%,15,0.982976871,0.945254515,1.014278158
9,10,8%,10,0.983341419,0.937709612,1.019942484
11,30,4%,10,0.983391454,0.951065001,1.010428971
2,20,8%,5,0.983417544,0.938367458,1.020113516
3,10,10%,15,0.983573474,0.936854881,1.021680933
5,10,8%,5,0.983755642,0.937485984,1.021523051
10,20,6%,10,0.98392578,0.945545153,1.016035024
1,30,10%,15,0.984029285,0.939700056,1.021008771
15,10,8%,15,0.98403136,0.939145011,1.020208225
4,20,8%,10,0.98419053,0.941468847,1.019367815
4,30,8%,15,0.984216612,0.946613618,1.016638318
12,30,4%,15,0.984319052,0.952614267,1.01092964
9,20,6%,5,0.984358861,0.946008027,1.016891791
6,30,6%,5,0.98436571,0.948715625,1.015421353
10,10,8%,10,0.984394494,0.939041277,1.021534652
11,30,4%,5,0.984434365,0.952488559,1.011730347
6,20,8%,15,0.984735805,0.944381095,1.018274301
12,20,6%,15,0.984877488,0.947863902,1.016054716
3,30,8%,10,0.984919046,0.94574221,1.018750227
7,30,6%,10,0.98501735,0.950544466,1.014864567
6,10,8%,5,0.9850421,0.939242722,1.022556847
4,10,10%,15,0.985151985,0.938365463,1.023053677
8,30,6%,15,0.985398205,0.95195576,1.013906494
11,10,8%,10,0.985661285,0.940822656,1.022115527
2,30,8%,5,0.985731529,0.943736603,1.021334104
12,30,4%,10,0.985769614,0.953774258,1.012448206
11,20,6%,10,0.985849003,0.94782437,1.017723427
3,20,8%,5,0.986145269,0.943358203,1.022433624
2,20,10%,15,0.986185876,0.942431561,1.023202226
10,20,6%,5,0.98628723,0.9483361,1.018659119
7,10,8%,5,0.986308193,0.940909267,1.023645085
13,30,4%,15,0.986551973,0.955127432,1.012667218
13,20,6%,15,0.986598422,0.949012865,1.017432303
12,10,8%,10,0.986612927,0.942168475,1.023295696
12,30,4%,5,0.986653873,0.954799658,1.013732193
5,10,10%,15,0.986706286,0.940337524,1.024237407
5,20,8%,10,0.986745125,0.946108239,1.02158558
7,20,8%,15,0.987259347,0.948298069,1.020455979
7,30,6%,5,0.987368476,0.952485822,1.017572344
8,10,8%,5,0.987406176,0.942485119,1.024495297
13,10,8%,10,0.987577648,0.943258768,1.024249664
8,30,6%,10,0.987601729,0.95401288,1.017025351
12,20,6%,10,0.987602806,0.950482403,1.019123481
5,30,8%,15,0.987665779,0.951411898,1.019206893
13,30,4%,10,0.987705236,0.956634133,1.014321384
6,10,10%,15,0.987967428,0.943018555,1.025477707
9,30,6%,15,0.987974724,0.95489882,1.016361838
11,20,6%,5,0.988154808,0.950209024,1.020194955
14,20,6%,15,0.988219888,0.951463531,1.019093509
4,30,8%,10,0.988363095,0.950812599,1.021464362
1,10,10%,10,0.988394401,0.941466594,1.027179537
14,30,4%,15,0.988423796,0.957751527,1.014620286
0,10,10%,10,0.988564212,0.94078386,1.027661661
13,30,4%,5,0.988617956,0.957060872,1.015374195
0,20,10%,10,0.98864527,0.940746316,1.027654361
9,10,8%,5,0.988676587,0.943584938,1.025698233
0,30,10%,10,0.988711536,0.94077211,1.027672292
14,10,8%,10,0.988798511,0.944468659,1.025150403
2,30,10%,15,0.98884357,0.947838369,1.024276626
4,20,8%,5,0.988875299,0.946843913,1.024440743
6,20,8%,10,0.98908366,0.949252077,1.023412936
7,10,10%,15,0.989227543,0.943623214,1.026339106
3,30,8%,5,0.989235273,0.949579541,1.023730361
13,20,6%,10,0.989264777,0.952338936,1.020523297
8,20,8%,15,0.989508164,0.950885024,1.022195998
14,30,4%,10,0.989559978,0.958695186,1.015822657
10,10,8%,5,0.989616834,0.945187486,1.026464544
15,10,8%,10,0.989645993,0.94585386,1.026263918
3,20,10%,15,0.989671237,0.946905544,1.025605819
8,30,6%,5,0.989892586,0.955616282,1.0199065
2,10,10%,10,0.989920508,0.94366184,1.028379996
15,20,6%,15,0.989945963,0.953595771,1.020221095
12,20,6%,5,0.989967195,0.952650456,1.021693626
1,20,10%,10,0.990257428,0.944297608,1.028046874
9,30,6%,10,0.990297324,0.956846198,1.018778418
15,30,4%,15,0.990334463,0.959529534,1.016183136
8,10,10%,15,0.990429516,0.946019771,1.027892648
10,30,6%,15,0.990454919,0.958086478,1.018272189
11,10,8%,5,0.990523553,0.946082377,1.02743949
14,30,4%,5,0.990598087,0.959183826,1.017237352
6,30,8%,15,0.99098745,0.955628755,1.021709136
14,20,6%,10,0.991025961,0.954195969,1.021975164
1,30,10%,10,0.991206795,0.947233691,1.028705419
5,20,8%,5,0.99129517,0.950711865,1.026036951
3,10,10%,10,0.991412862,0.945493442,1.029304009
15,30,4%,10,0.991465103,0.960564798,1.017630228
7,20,8%,10,0.991651755,0.952640629,1.025286308
12,10,8%,5,0.991664376,0.947505514,1.028465747
9,20,8%,15,0.991664376,0.953479928,1.0242921
13,20,6%,5,0.991704375,0.954481795,1.023364693
5,30,8%,10,0.991729494,0.955417995,1.024072613
9,10,10%,15,0.991729494,0.94662825,1.028582733
9,30,6%,5,0.99235388,0.958658324,1.021772315
15,30,4%,5,0.992368632,0.961460401,1.018822638
15,20,6%,10,0.992432757,0.955670059,1.023611229
4,20,10%,15,0.992582905,0.951076906,1.027724462
13,10,8%,5,0.992589462,0.948422556,1.029106423
4,30,8%,5,0.992593576,0.954529488,1.026422958
10,30,6%,10,0.992622515,0.95956545,1.021254875
11,30,6%,15,0.992740834,0.960316576,1.020456447
4,10,10%,10,0.992750246,0.946613311,1.030548445
3,30,10%,15,0.992880697,0.95409366,1.027094918
10,10,10%,15,0.993008014,0.948529313,1.02979603
14,20,6%,5,0.993183535,0.956414437,1.024679432
6,20,8%,5,0.993446343,0.953120618,1.028088338
2,20,10%,10,0.993465906,0.949432661,1.030339126
14,10,8%,5,0.993610144,0.95014428,1.030061869
10,20,8%,15,0.993717657,0.956258261,1.02594144
8,20,8%,10,0.993739118,0.954581339,1.027085533
7,30,8%,15,0.993830215,0.95933291,1.024076929
11,10,10%,15,0.994004883,0.950252904,1.030801969
5,10,10%,10,0.99403769,0.94861426,1.031954431
10,30,6%,5,0.994449092,0.961845553,1.023663876
15,10,8%,5,0.994507746,0.950812902,1.03082949
15,20,6%,5,0.994676837,0.957578523,1.02599494
6,30,8%,10,0.994719218,0.958734153,1.026536906
11,30,6%,10,0.994838155,0.962314247,1.023170557
12,30,6%,15,0.994920503,0.963157114,1.022294313
12,10,10%,15,0.995101463,0.950975368,1.031602834
2,30,10%,10,0.995448686,0.954144652,1.031582951
5,20,10%,15,0.995475075,0.955088619,1.030022216
6,10,10%,10,0.99548775,0.950482403,1.032920858
7,20,8%,5,0.995575189,0.956061783,1.029574998
11,20,8%,15,0.995632795,0.958531798,1.027600457
5,30,8%,5,0.995664788,0.958543785,1.02844024
9,20,8%,10,0.995786075,0.957387042,1.028905734
1,10,10%,5,0.995806721,0.949539387,1.034476448
13,10,10%,15,0.996216272,0.952712518,1.032679278
0,20,10%,5,0.996269376,0.949284547,1.035504764
3,20,10%,10,0.996276944,0.9545934,1.032326322
0,10,10%,5,0.996326644,0.950482403,1.035517526
0,30,10%,5,0.996434389,0.949367909,1.035386516
4,30,10%,15,0.996461455,0.958682884,1.02995057
8,30,8%,15,0.996684961,0.962717136,1.026390511
7,10,10%,10,0.996712373,0.951944475,1.034157686
11,30,6%,5,0.996725192,0.964191689,1.025618544
12,30,6%,10,0.99681942,0.964943177,1.025201777
13,30,6%,15,0.99692282,0.965276096,1.02415064
14,10,10%,15,0.997244647,0.953620649,1.033664195
2,10,10%,5,0.997274842,0.951438737,1.035357202
7,30,8%,10,0.99744719,0.962726924,1.02847495
1,20,10%,5,0.997487967,0.953157389,1.035394412
12,20,8%,15,0.997579324,0.960832207,1.029225378
8,20,8%,5,0.997591641,0.958746458,1.031310465
10,20,8%,10,0.99772747,0.959894653,1.030339077
6,20,10%,15,0.997751369,0.958492803,1.031926915
8,10,10%,10,0.997943001,0.953246786,1.035165954
15,10,10%,15,0.998281934,0.954811359,1.034556122
1,30,10%,5,0.998325341,0.954619878,1.035769267
6,30,8%,5,0.998354071,0.962501471,1.030765366
3,10,10%,5,0.998597901,0.953595771,1.036746533
12,30,6%,5,0.998759746,0.966513349,1.027141226
14,30,6%,15,0.998916548,0.967876103,1.025651938
13,30,6%,10,0.99895684,0.967445243,1.026415117
3,30,10%,10,0.998969573,0.959867221,1.033921215
9,10,10%,10,0.999008372,0.955139765,1.036020059
4,20,10%,10,0.999033315,0.958199106,1.03469803
9,30,8%,15,0.999035542,0.966071249,1.028365533
13,20,8%,15,0.999139517,0.962162782,1.030483835
11,20,8%,10,0.999471879,0.962225738,1.032092016
9,20,8%,5,0.999493075,0.961013189,1.033159128
4,10,10%,5,0.99978269,0.954848194,1.037689164
5,30,10%,15,0.999818999,0.963541625,1.032242248
8,30,8%,10,1.000059469,0.966057189,1.0305655
10,10,10%,10,1.000167464,0.956381321,1.037155435
2,20,10%,5,1.000176012,0.956845968,1.037415813
7,20,10%,15,1.000215705,0.961291184,1.033782446
13,30,6%,5,1.000667248,0.968994078,1.028905566
15,30,6%,15,1.000677687,0.970097387,1.02746354
14,30,6%,10,1.000792797,0.969294323,1.028337613
14,20,8%,15,1.000848747,0.96468338,1.032298477
7,30,8%,5,1.001049198,0.966063305,1.032633258
5,10,10%,5,1.00119567,0.956933736,1.038924619
12,20,8%,10,1.001262937,0.964280335,1.033552458
10,20,8%,5,1.001267182,0.963416307,1.034312078
11,10,10%,10,1.001307223,0.957984847,1.038152465
10,30,8%,15,1.001443778,0.969073461,1.03038016
5,20,10%,10,1.001510364,0.960844879,1.036523005
2,30,10%,5,1.001748173,0.960507492,1.038261622
4,30,10%,10,1.002279005,0.963878772,1.036143619
15,20,8%,15,1.002319695,0.96597593,1.033559441
6,10,10%,5,1.002322091,0.958041315,1.039744397
12,10,10%,10,1.002334316,0.959021965,1.038976949
8,20,10%,15,1.002393714,0.964583679,1.035993783
9,30,8%,10,1.002408139,0.968982068,1.03278494
14,30,6%,5,1.00246736,0.970922326,1.030215974
15,30,6%,10,1.002485881,0.971306755,1.029952448
3,20,10%,5,1.002684471,0.960544266,1.039196514
6,30,10%,15,1.002746316,0.967581952,1.034805045
13,20,8%,10,1.002763577,0.966126675,1.035088091
11,20,8%,5,1.003083285,0.965346366,1.035718214
13,10,10%,10,1.00335837,0.960416997,1.040094306
8,30,8%,5,1.003419386,0.968757899,1.034547886
7,10,10%,5,1.003477392,0.959055956,1.041069079
11,30,8%,15,1.003605565,0.971596826,1.032523679
6,20,10%,10,1.003791752,0.963733292,1.038645841
15,30,6%,5,1.004167673,0.972893206,1.032310996
14,10,10%,10,1.004434918,0.961263614,1.041398061
14,20,8%,10,1.004449704,0.968280976,1.036412704
8,10,10%,5,1.004488057,0.960455527,1.042084882
9,20,10%,15,1.004567032,0.966792636,1.037558847
10,30,8%,10,1.00467679,0.971883322,1.034342608
12,20,8%,5,1.004692517,0.966818468,1.037494004
3,30,10%,5,1.004937134,0.965346822,1.040317333
4,20,10%,5,1.00500647,0.963643065,1.040986378
5,30,10%,10,1.005214337,0.968501113,1.038645193
15,10,10%,10,1.005386607,0.962487492,1.042134997
9,30,8%,5,1.005563377,0.971703821,1.036567893
12,30,8%,15,1.005669618,0.973837474,1.034216335
9,10,10%,5,1.005705887,0.961997159,1.042783579
7,30,10%,15,1.005715336,0.970953767,1.036957858
15,20,8%,10,1.00594673,0.969361802,1.037810011
7,20,10%,10,1.005954138,0.966724246,1.040239237
13,20,8%,5,1.006244002,0.969132953,1.038699632
10,20,10%,15,1.006461726,0.969043991,1.03910586
10,10,10%,5,1.006653079,0.96322013,1.043860728
11,30,8%,10,1.006821613,0.974280119,1.036137595
5,20,10%,5,1.007236876,0.966968662,1.042808392
11,10,10%,5,1.007572333,0.964280177,1.044826637
10,30,8%,5,1.007704744,0.974335761,1.038151017
13,30,8%,15,1.007715758,0.976176187,1.035954148
4,30,10%,5,1.007747385,0.96993143,1.042762335
14,20,8%,5,1.007774808,0.970686146,1.040173084
8,20,10%,10,1.007914356,0.969812967,1.041952064
6,30,10%,10,1.008062882,0.972083004,1.040782682
8,30,10%,15,1.008221753,0.974332955,1.03906754
11,20,10%,15,1.008416738,0.971224559,1.041050322
12,10,10%,5,1.008531918,0.965709796,1.04572327
12,30,8%,10,1.008831701,0.976641514,1.03803016
15,20,8%,5,1.009154602,0.972528118,1.041171276
6,20,10%,5,1.009273519,0.969654306,1.044670022
14,30,8%,15,1.009510345,0.978179133,1.037576798
13,10,10%,5,1.00959999,0.966844629,1.046393533
11,30,8%,5,1.009694115,0.976627337,1.039945517
9,20,10%,10,1.009906516,0.971871137,1.04356427
12,20,10%,15,1.010191885,0.973569547,1.042468169
5,30,10%,5,1.010494859,0.973418139,1.044639644
7,30,10%,10,1.010515859,0.975579211,1.042758582
14,10,10%,5,1.010541185,0.967849993,1.047482978
9,30,10%,15,1.010541185,0.976938601,1.041054643
13,30,8%,10,1.010688228,0.978315147,1.039631881
7,20,10%,5,1.011239624,0.972122688,1.046143224
15,30,8%,15,1.011329054,0.980056724,1.039275134
15,10,10%,5,1.011493005,0.968992428,1.04827109
12,30,8%,5,1.01163573,0.978650279,1.041533261
10,20,10%,10,1.011772234,0.974347424,1.045296175
13,20,10%,15,1.011813851,0.975581212,1.044017741
14,30,8%,10,1.012580871,0.980417863,1.041355639
6,30,10%,5,1.01286934,0.976617211,1.046569334
10,30,10%,15,1.012875356,0.979876641,1.043055866
8,20,10%,5,1.012996187,0.974413455,1.047683034
8,30,10%,10,1.013001937,0.978204357,1.044857666
13,30,8%,5,1.013317198,0.980675788,1.042988002
14,20,10%,15,1.01342474,0.977620115,1.045225014
11,20,10%,10,1.013519084,0.976169523,1.04659746
15,30,8%,10,1.014226368,0.982475341,1.042837107
9,20,10%,5,1.014901787,0.976353875,1.04931284
11,30,10%,15,1.014969164,0.982180294,1.044817724
15,20,10%,15,1.01498485,0.97883464,1.046852934
14,30,8%,5,1.015024852,0.982533301,1.04449261
12,20,10%,10,1.015193927,0.978185102,1.048255681
9,30,10%,10,1.015202127,0.981039816,1.046530184
7,30,10%,5,1.015292243,0.979575701,1.048460443
10,20,10%,5,1.016553397,0.978798274,1.050670466
15,30,8%,5,1.016688949,0.984734842,1.046019647
13,20,10%,10,1.016876002,0.979827236,1.049453082
12,30,10%,15,1.017031025,0.984273066,1.046676221
10,30,10%,10,1.017309233,0.98359866,1.048341414
8,30,10%,5,1.017499929,0.981963334,1.050381836
11,20,10%,5,1.018126767,0.980414522,1.051971953
14,20,10%,10,1.01833912,0.981897971,1.051126907
13,30,10%,15,1.018892055,0.986478222,1.048271348
11,30,10%,10,1.019310415,0.985783964,1.050117498
9,30,10%,5,1.01953176,0.984732945,1.052014902
12,20,10%,5,1.019622302,0.982182556,1.053440293
15,20,10%,10,1.019892799,0.983484499,1.052481601
14,30,10%,15,1.020642091,0.988469539,1.049720236
12,30,10%,10,1.021186947,0.988304725,1.051830629
13,20,10%,5,1.021226289,0.983942424,1.054575981
10,30,10%,5,1.02152083,0.987083672,1.053414675
15,30,10%,15,1.022364559,0.990452465,1.051169533
14,20,10%,5,1.022561838,0.985969249,1.055895028
13,30,10%,10,1.023090979,0.990095611,1.053248556
11,30,10%,5,1.023254551,0.989207488,1.05501671
15,20,10%,5,1.023983886,0.987433815,1.057104488
14,30,10%,10,1.024746342,0.991873272,1.054938418
12,30,10%,5,1.025046781,0.991443218,1.056454853
15,30,10%,10,1.026359422,0.993582922,1.056232725
13,30,10%,5,1.026766616,0.993406209,1.057988873
14,30,10%,5,1.028413272,0.995222582,1.059367309
15,30,10%,5,1.029870117,0.996710021,1.060517973
